Entity,Code,Year,Tuberculosis,HepatitisB,Influenza,Inactivated_polio,Measles,Pneumococcus,Polio,Rubella,Rotavirus,Yellow_fever,Diphteria_Tetanus_Pertussis
Albania,ALB,2000,93.0,96.0,,,95.0,,97.0,,,,97.0
Albania,ALB,2001,93.0,96.0,,,95.0,,97.0,95.0,,,97.0
Albania,ALB,2002,94.0,96.0,,,96.0,,98.0,96.0,,,98.0
Albania,ALB,2003,95.0,97.0,,,93.0,,97.0,93.0,,,97.0
Albania,ALB,2004,97.0,99.0,,,96.0,,98.0,96.0,,,97.0
Albania,ALB,2005,98.0,98.0,,,97.0,,97.0,97.0,,,98.0
Albania,ALB,2006,97.0,98.0,,,95.0,,97.0,95.0,,,97.0
Albania,ALB,2007,98.0,98.0,,,97.0,,99.0,97.0,,,98.0
Albania,ALB,2008,99.0,99.0,,,98.0,,99.0,98.0,,,99.0
Albania,ALB,2009,97.0,98.0,98.0,,97.0,,98.0,97.0,,,98.0
Albania,ALB,2010,99.0,99.0,99.0,,99.0,,99.0,99.0,,,99.0
Albania,ALB,2011,97.0,99.0,99.0,,99.0,99.0,99.0,99.0,,,99.0
Albania,ALB,2012,96.0,99.0,99.0,,98.0,99.0,99.0,98.0,,,99.0
Albania,ALB,2013,99.0,99.0,99.0,,99.0,99.0,99.0,99.0,,,99.0
Albania,ALB,2014,99.0,98.0,98.0,,98.0,99.0,98.0,98.0,,,98.0
Albania,ALB,2015,99.0,99.0,99.0,99.0,97.0,99.0,99.0,97.0,,,99.0
Albania,ALB,2016,99.0,98.0,98.0,98.0,96.0,98.0,98.0,96.0,,,98.0
Albania,ALB,2017,99.0,99.0,99.0,99.0,96.0,99.0,99.0,96.0,,,99.0
Albania,ALB,2018,99.0,99.0,99.0,99.0,94.0,98.0,99.0,94.0,,,99.0
Albania,ALB,2019,99.0,99.0,99.0,99.0,95.0,96.0,99.0,95.0,,,99.0
Algeria,DZA,2000,97.0,,,,80.0,,86.0,,,,86.0
Algeria,DZA,2001,97.0,,,,83.0,,89.0,,,,89.0
Algeria,DZA,2002,98.0,,,,81.0,,86.0,,,,86.0
Algeria,DZA,2003,98.0,,,,84.0,,87.0,,,,87.0
Algeria,DZA,2004,98.0,81.0,,,81.0,,86.0,,,,86.0
Algeria,DZA,2005,98.0,83.0,,,83.0,,88.0,,,,88.0
Algeria,DZA,2006,99.0,80.0,,,91.0,,95.0,,,,95.0
Algeria,DZA,2007,99.0,90.0,,,92.0,,95.0,,,,95.0
Algeria,DZA,2008,99.0,91.0,93.0,,88.0,,92.0,,,,93.0
Algeria,DZA,2009,99.0,94.0,95.0,,92.0,,94.0,,,,95.0
Algeria,DZA,2010,99.0,95.0,95.0,,95.0,,95.0,,,,95.0
Algeria,DZA,2011,99.0,95.0,95.0,,95.0,,95.0,,,,95.0
Algeria,DZA,2012,99.0,95.0,95.0,,95.0,,95.0,,,,95.0
Algeria,DZA,2013,99.0,95.0,95.0,,95.0,,95.0,,,,95.0
Algeria,DZA,2014,99.0,95.0,95.0,,95.0,,95.0,,,,95.0
Algeria,DZA,2015,99.0,95.0,95.0,8.0,95.0,,95.0,,,,95.0
Algeria,DZA,2016,99.0,91.0,91.0,94.0,94.0,61.0,91.0,,,,91.0
Algeria,DZA,2017,99.0,91.0,91.0,92.0,88.0,89.0,91.0,88.0,,,91.0
Algeria,DZA,2018,99.0,91.0,91.0,94.0,80.0,91.0,91.0,80.0,,,91.0
Algeria,DZA,2019,99.0,91.0,91.0,94.0,80.0,91.0,91.0,80.0,,,91.0
Angola,AGO,2000,53.0,,,,32.0,,21.0,,,29.0,31.0
Angola,AGO,2001,70.0,,,,60.0,,28.0,,,25.0,42.0
Angola,AGO,2002,76.0,,,,59.0,,22.0,,,25.0,47.0
Angola,AGO,2003,54.0,,,,44.0,,21.0,,,31.0,46.0
Angola,AGO,2004,63.0,,,,43.0,,18.0,,,39.0,47.0
Angola,AGO,2005,51.0,,,,21.0,,14.0,,,23.0,47.0
Angola,AGO,2006,54.0,,,,21.0,,8.0,,,22.0,44.0
Angola,AGO,2007,75.0,43.0,43.0,,58.0,,43.0,,,51.0,48.0
Angola,AGO,2008,73.0,45.0,45.0,,48.0,,36.0,,,39.0,49.0
Angola,AGO,2009,70.0,47.0,47.0,,46.0,,36.0,,,17.0,50.0
Angola,AGO,2010,79.0,49.0,49.0,,62.0,,56.0,,,16.0,51.0
Angola,AGO,2011,74.0,50.0,50.0,,57.0,,50.0,,,38.0,52.0
Angola,AGO,2012,73.0,52.0,52.0,,65.0,,54.0,,,36.0,53.0
Angola,AGO,2013,71.0,54.0,54.0,,59.0,9.0,48.0,,,21.0,54.0
Angola,AGO,2014,72.0,55.0,55.0,,56.0,45.0,55.0,,18.0,48.0,55.0
Angola,AGO,2015,64.0,55.0,55.0,,51.0,55.0,62.0,,40.0,43.0,59.0
Angola,AGO,2016,40.0,55.0,55.0,,45.0,55.0,58.0,,44.0,24.0,59.0
Angola,AGO,2017,69.0,52.0,52.0,,42.0,52.0,52.0,,43.0,28.0,56.0
Angola,AGO,2018,72.0,59.0,59.0,40.0,50.0,59.0,61.0,50.0,48.0,45.0,63.0
Angola,AGO,2019,69.0,53.0,53.0,43.0,51.0,53.0,56.0,51.0,58.0,45.0,57.0
Armenia,ARM,2000,97.0,55.0,,,92.0,,96.0,,,,93.0
Armenia,ARM,2001,96.0,69.0,,,93.0,,97.0,,,,94.0
Armenia,ARM,2002,97.0,91.0,,,91.0,,96.0,91.0,,,94.0
Armenia,ARM,2003,92.0,93.0,,,94.0,,96.0,94.0,,,94.0
Armenia,ARM,2004,96.0,91.0,,,92.0,,93.0,92.0,,,91.0
Armenia,ARM,2005,94.0,91.0,,,94.0,,92.0,94.0,,,90.0
Armenia,ARM,2006,91.0,78.0,,,92.0,,87.0,92.0,,,87.0
Armenia,ARM,2007,94.0,85.0,,,92.0,,90.0,92.0,,,88.0
Armenia,ARM,2008,98.0,89.0,,,94.0,,91.0,94.0,,,89.0
Armenia,ARM,2009,99.0,93.0,,,96.0,,94.0,96.0,,,93.0
Armenia,ARM,2010,95.0,94.0,48.0,,97.0,,96.0,97.0,,,94.0
Armenia,ARM,2011,96.0,95.0,95.0,,97.0,,96.0,97.0,,,95.0
Armenia,ARM,2012,96.0,95.0,95.0,,97.0,,96.0,97.0,,,95.0
Armenia,ARM,2013,99.0,95.0,95.0,,97.0,,96.0,97.0,33.0,,95.0
Armenia,ARM,2014,99.0,93.0,93.0,,97.0,,95.0,97.0,91.0,,93.0
Armenia,ARM,2015,99.0,94.0,94.0,,97.0,44.0,96.0,97.0,93.0,,94.0
Armenia,ARM,2016,99.0,94.0,94.0,34.0,97.0,94.0,96.0,97.0,94.0,,94.0
Armenia,ARM,2017,99.0,94.0,94.0,92.0,96.0,94.0,96.0,96.0,94.0,,94.0
Armenia,ARM,2018,99.0,92.0,92.0,93.0,95.0,92.0,92.0,95.0,93.0,,92.0
Armenia,ARM,2019,99.0,92.0,92.0,92.0,95.0,92.0,94.0,95.0,92.0,,92.0
Australia,AUS,2001,,94.0,95.0,,92.0,,91.0,92.0,,,92.0
Australia,AUS,2002,,95.0,95.0,,94.0,,92.0,94.0,,,92.0
Australia,AUS,2003,,95.0,95.0,,94.0,,92.0,94.0,,,93.0
Australia,AUS,2004,,95.0,95.0,,94.0,,92.0,94.0,,,92.0
Australia,AUS,2005,,95.0,94.0,,94.0,,92.0,94.0,,,92.0
Australia,AUS,2006,,95.0,95.0,,94.0,,92.0,94.0,,,92.0
Australia,AUS,2007,,94.0,94.0,,94.0,,92.0,94.0,,,92.0
Australia,AUS,2008,,94.0,94.0,,94.0,91.0,92.0,94.0,81.0,,92.0
Australia,AUS,2009,,94.0,94.0,,94.0,91.0,92.0,94.0,82.0,,92.0
Australia,AUS,2010,,92.0,92.0,,94.0,91.0,92.0,94.0,84.0,,92.0
Australia,AUS,2011,,92.0,92.0,,94.0,91.0,92.0,94.0,85.0,,92.0
Australia,AUS,2012,,91.0,92.0,,94.0,91.0,92.0,94.0,84.0,,92.0
Australia,AUS,2013,,91.0,91.0,,94.0,91.0,91.0,94.0,84.0,,91.0
Australia,AUS,2014,,91.0,91.0,,94.0,91.0,92.0,94.0,84.0,,92.0
Australia,AUS,2015,,93.0,93.0,97.0,95.0,93.0,93.0,95.0,85.0,,93.0
Australia,AUS,2016,,94.0,94.0,98.0,95.0,94.0,94.0,95.0,87.0,,94.0
Australia,AUS,2017,,95.0,94.0,98.0,94.0,94.0,95.0,94.0,89.0,,95.0
Australia,AUS,2018,,95.0,94.0,98.0,94.0,95.0,95.0,94.0,90.0,,95.0
Australia,AUS,2019,,95.0,95.0,98.0,94.0,96.0,95.0,94.0,92.0,,95.0
Australia,AUS,2000,,,90.0,,91.0,,90.0,91.0,,,90.0
Austria,AUT,2000,,33.0,72.0,,75.0,,71.0,75.0,,,81.0
Austria,AUT,2001,,44.0,74.0,,79.0,,83.0,79.0,,,84.0
Austria,AUT,2002,,81.0,82.0,,78.0,,82.0,78.0,,,83.0
Austria,AUT,2003,,83.0,84.0,,79.0,,84.0,79.0,,,84.0
Austria,AUT,2004,,83.0,83.0,,74.0,,83.0,74.0,,,83.0
Austria,AUT,2005,,86.0,86.0,,75.0,,86.0,75.0,,,86.0
Austria,AUT,2006,,83.0,83.0,,80.0,,83.0,80.0,,,83.0
Austria,AUT,2007,,85.0,85.0,,79.0,,85.0,79.0,,,85.0
Austria,AUT,2008,,83.0,83.0,,83.0,,83.0,83.0,47.0,,83.0
Austria,AUT,2009,,83.0,83.0,,76.0,,83.0,76.0,61.0,,83.0
Austria,AUT,2010,,86.0,86.0,,80.0,,86.0,80.0,61.0,,86.0
Austria,AUT,2011,,89.0,89.0,,84.0,,89.0,84.0,61.0,,89.0
Austria,AUT,2012,,92.0,92.0,,88.0,,92.0,88.0,61.0,,92.0
Austria,AUT,2013,,95.0,95.0,,92.0,,95.0,92.0,61.0,,95.0
Austria,AUT,2014,,98.0,98.0,,96.0,,98.0,96.0,61.0,,98.0
Austria,AUT,2015,,93.0,93.0,,96.0,,93.0,96.0,61.0,,93.0
Austria,AUT,2016,,87.0,87.0,95.0,95.0,,87.0,95.0,61.0,,87.0
Austria,AUT,2017,,90.0,90.0,94.0,96.0,,90.0,96.0,61.0,,90.0
Austria,AUT,2018,,85.0,85.0,92.0,94.0,,85.0,94.0,61.0,,85.0
Austria,AUT,2019,,85.0,85.0,92.0,95.0,,85.0,95.0,61.0,,85.0
Azerbaijan,AZE,2000,81.0,,,,67.0,,75.0,,,,76.0
Azerbaijan,AZE,2001,83.0,,,,68.0,,77.0,,,,77.0
Azerbaijan,AZE,2002,82.0,50.0,,,66.0,,80.0,,,,76.0
Azerbaijan,AZE,2003,83.0,51.0,,,67.0,,79.0,67.0,,,77.0
Azerbaijan,AZE,2004,82.0,50.0,,,67.0,,78.0,67.0,,,77.0
Azerbaijan,AZE,2005,82.0,49.0,,,67.0,,79.0,67.0,,,75.0
Azerbaijan,AZE,2006,86.0,52.0,,,69.0,,80.0,69.0,,,78.0
Azerbaijan,AZE,2007,88.0,62.0,,,75.0,,81.0,75.0,,,79.0
Azerbaijan,AZE,2008,92.0,68.0,,,79.0,,85.0,79.0,,,81.0
Azerbaijan,AZE,2009,95.0,74.0,,,85.0,,84.0,85.0,,,81.0
Azerbaijan,AZE,2010,98.0,80.0,,,89.0,,85.0,89.0,,,81.0
Azerbaijan,AZE,2011,99.0,84.0,36.0,,92.0,,91.0,92.0,,,87.0
Azerbaijan,AZE,2012,98.0,88.0,89.0,,94.0,,92.0,94.0,,,89.0
Azerbaijan,AZE,2013,98.0,93.0,93.0,,98.0,,96.0,98.0,,,93.0
Azerbaijan,AZE,2014,98.0,94.0,94.0,,98.0,64.0,97.0,98.0,,,94.0
Azerbaijan,AZE,2015,98.0,96.0,96.0,,98.0,94.0,98.0,98.0,,,96.0
Azerbaijan,AZE,2016,98.0,97.0,97.0,88.0,98.0,97.0,98.0,98.0,,,97.0
Azerbaijan,AZE,2017,97.0,95.0,95.0,96.0,98.0,96.0,97.0,98.0,,,95.0
Azerbaijan,AZE,2018,97.0,95.0,95.0,95.0,96.0,95.0,96.0,96.0,,,95.0
Azerbaijan,AZE,2019,96.0,94.0,94.0,95.0,98.0,95.0,96.0,98.0,,,94.0
Bangladesh,BGD,2000,94.0,,,,74.0,,83.0,,,,82.0
Bangladesh,BGD,2001,95.0,,,,77.0,,85.0,,,,85.0
Bangladesh,BGD,2002,95.0,,,,75.0,,83.0,,,,83.0
Bangladesh,BGD,2003,93.0,5.0,,,76.0,,90.0,,,,87.0
Bangladesh,BGD,2004,96.0,11.0,,,81.0,,88.0,,,,99.0
Bangladesh,BGD,2005,97.0,45.0,,,88.0,,94.0,,,,93.0
Bangladesh,BGD,2006,97.0,86.0,,,83.0,,95.0,,,,94.0
Bangladesh,BGD,2007,98.0,95.0,,,89.0,,96.0,,,,94.0
Bangladesh,BGD,2008,99.0,96.0,,,92.0,,96.0,,,,96.0
Bangladesh,BGD,2009,99.0,97.0,97.0,,93.0,,97.0,,,,97.0
Bangladesh,BGD,2010,98.0,94.0,94.0,,88.0,,94.0,,,,94.0
Bangladesh,BGD,2011,99.0,96.0,87.0,,93.0,,96.0,,,,96.0
Bangladesh,BGD,2012,98.0,94.0,94.0,,88.0,,94.0,17.0,,,94.0
Bangladesh,BGD,2013,99.0,96.0,96.0,,91.0,,96.0,91.0,,,96.0
Bangladesh,BGD,2014,99.0,97.0,97.0,,94.0,,97.0,94.0,,,97.0
Bangladesh,BGD,2015,99.0,98.0,98.0,51.0,97.0,48.0,98.0,97.0,,,98.0
Bangladesh,BGD,2016,99.0,98.0,98.0,33.0,97.0,97.0,98.0,97.0,,,98.0
Bangladesh,BGD,2017,99.0,98.0,98.0,55.0,97.0,99.0,98.0,97.0,,,98.0
Bangladesh,BGD,2018,99.0,98.0,98.0,75.0,97.0,99.0,98.0,97.0,,,98.0
Bangladesh,BGD,2019,99.0,98.0,98.0,92.0,97.0,99.0,98.0,97.0,,,98.0
Belarus,BLR,2000,99.0,70.0,,,98.0,,99.0,98.0,,,99.0
Belarus,BLR,2001,99.0,93.0,,,99.0,,99.0,99.0,,,99.0
Belarus,BLR,2002,99.0,99.0,,,99.0,,99.0,99.0,,,99.0
Belarus,BLR,2003,99.0,56.0,,,99.0,,53.0,99.0,,,50.0
Belarus,BLR,2004,99.0,99.0,,,99.0,,99.0,99.0,,,99.0
Belarus,BLR,2005,99.0,99.0,,,99.0,,98.0,99.0,,,99.0
Belarus,BLR,2006,99.0,98.0,,,97.0,,97.0,97.0,,,99.0
Belarus,BLR,2007,98.0,91.0,,,99.0,,90.0,99.0,,,95.0
Belarus,BLR,2008,98.0,98.0,6.0,,99.0,,98.0,99.0,,,97.0
Belarus,BLR,2009,98.0,98.0,19.0,,99.0,,98.0,99.0,,,96.0
Belarus,BLR,2010,99.0,96.0,0.0,,99.0,,99.0,99.0,,,98.0
Belarus,BLR,2011,99.0,98.0,21.0,,99.0,,98.0,99.0,,,98.0
Belarus,BLR,2012,98.0,97.0,22.0,,98.0,,98.0,98.0,,,98.0
Belarus,BLR,2013,99.0,98.0,23.0,,99.0,,98.0,99.0,,,98.0
Belarus,BLR,2014,98.0,97.0,20.0,,99.0,,97.0,99.0,,,97.0
Belarus,BLR,2015,97.0,99.0,9.0,99.0,99.0,,99.0,99.0,,,99.0
Belarus,BLR,2016,98.0,96.0,11.0,99.0,98.0,,98.0,98.0,,,98.0
Belarus,BLR,2017,98.0,98.0,9.0,98.0,97.0,,98.0,97.0,,,97.0
Belarus,BLR,2018,98.0,98.0,67.0,98.0,98.0,,98.0,98.0,,,97.0
Belarus,BLR,2019,97.0,97.0,91.0,98.0,98.0,,98.0,98.0,,,98.0
Belgium,BEL,2000,,60.0,86.0,,82.0,,96.0,82.0,,,95.0
Belgium,BEL,2001,,60.0,86.0,,82.0,,96.0,82.0,,,95.0
Belgium,BEL,2002,,60.0,86.0,,82.0,,96.0,82.0,,,95.0
Belgium,BEL,2003,,64.0,87.0,,82.0,,96.0,82.0,,,95.0
Belgium,BEL,2004,,64.0,87.0,,82.0,,96.0,82.0,,,95.0
Belgium,BEL,2005,,77.0,95.0,,88.0,,97.0,88.0,,,97.0
Belgium,BEL,2006,,94.0,98.0,,92.0,,99.0,92.0,,,98.0
Belgium,BEL,2007,,94.0,98.0,,92.0,,99.0,92.0,,,98.0
Belgium,BEL,2008,,98.0,98.0,,93.0,,99.0,93.0,,,99.0
Belgium,BEL,2009,,97.0,98.0,,95.0,,98.0,95.0,,,98.0
Belgium,BEL,2010,,97.0,98.0,,95.0,,98.0,95.0,,,98.0
Belgium,BEL,2011,,97.0,98.0,,95.0,,98.0,95.0,,,98.0
Belgium,BEL,2012,,98.0,98.0,,96.0,93.0,99.0,96.0,86.0,,99.0
Belgium,BEL,2013,,98.0,98.0,,96.0,93.0,99.0,96.0,86.0,,99.0
Belgium,BEL,2014,,98.0,98.0,,96.0,93.0,99.0,96.0,86.0,,99.0
Belgium,BEL,2015,,98.0,98.0,99.0,96.0,94.0,99.0,96.0,88.0,,99.0
Belgium,BEL,2016,,97.0,97.0,99.0,96.0,94.0,98.0,96.0,87.0,,98.0
Belgium,BEL,2017,,97.0,97.0,99.0,96.0,94.0,98.0,96.0,87.0,,98.0
Belgium,BEL,2018,,97.0,97.0,99.0,96.0,94.0,98.0,96.0,87.0,,98.0
Belgium,BEL,2019,,97.0,97.0,99.0,96.0,94.0,98.0,96.0,84.0,,97.0
Belize,BLZ,2000,96.0,76.0,,,96.0,,91.0,96.0,,,91.0
Belize,BLZ,2001,98.0,96.0,96.0,,94.0,,96.0,94.0,,,96.0
Belize,BLZ,2002,96.0,97.0,89.0,,88.0,,93.0,88.0,,,89.0
Belize,BLZ,2003,99.0,96.0,96.0,,96.0,,95.0,96.0,,,96.0
Belize,BLZ,2004,99.0,97.0,97.0,,97.0,,97.0,97.0,,,97.0
Belize,BLZ,2005,96.0,96.0,96.0,,95.0,,96.0,95.0,,,96.0
Belize,BLZ,2006,97.0,98.0,98.0,,99.0,,98.0,99.0,,,98.0
Belize,BLZ,2007,99.0,96.0,96.0,,96.0,,97.0,96.0,,,96.0
Belize,BLZ,2008,98.0,94.0,94.0,,96.0,,94.0,96.0,,,94.0
Belize,BLZ,2009,99.0,97.0,97.0,,97.0,,98.0,97.0,,,97.0
Belize,BLZ,2010,98.0,96.0,96.0,,98.0,,96.0,98.0,,,96.0
Belize,BLZ,2011,98.0,95.0,95.0,,98.0,,95.0,98.0,,,95.0
Belize,BLZ,2012,98.0,98.0,98.0,,96.0,,98.0,96.0,,,98.0
Belize,BLZ,2013,99.0,95.0,95.0,,99.0,,95.0,99.0,,,95.0
Belize,BLZ,2014,98.0,95.0,95.0,,95.0,,95.0,95.0,,,95.0
Belize,BLZ,2015,98.0,94.0,94.0,7.0,96.0,,94.0,96.0,,,94.0
Belize,BLZ,2016,94.0,95.0,95.0,93.0,95.0,,96.0,95.0,,,95.0
Belize,BLZ,2017,90.0,88.0,88.0,89.0,90.0,,88.0,90.0,,,88.0
Belize,BLZ,2018,99.0,96.0,96.0,97.0,97.0,,96.0,97.0,,,96.0
Belize,BLZ,2019,95.0,98.0,98.0,99.0,96.0,,98.0,96.0,,,98.0
Bhutan,BTN,2000,97.0,98.0,,,78.0,,98.0,,,,92.0
Bhutan,BTN,2001,81.0,89.0,,,78.0,,88.0,,,,88.0
Bhutan,BTN,2002,83.0,83.0,,,78.0,,89.0,,,,86.0
Bhutan,BTN,2003,93.0,95.0,,,88.0,,96.0,,,,95.0
Bhutan,BTN,2004,92.0,89.0,,,87.0,,90.0,,,,89.0
Bhutan,BTN,2005,92.0,95.0,,,93.0,,95.0,,,,95.0
Bhutan,BTN,2006,92.0,95.0,,,90.0,,96.0,90.0,,,95.0
Bhutan,BTN,2007,94.0,95.0,,,95.0,,93.0,95.0,,,95.0
Bhutan,BTN,2008,99.0,96.0,,,99.0,,96.0,99.0,,,96.0
Bhutan,BTN,2009,94.0,93.0,,,94.0,,93.0,94.0,,,93.0
Bhutan,BTN,2010,96.0,91.0,,,95.0,,92.0,95.0,,,91.0
Bhutan,BTN,2011,95.0,95.0,,,95.0,,95.0,95.0,,,95.0
Bhutan,BTN,2012,95.0,97.0,97.0,,95.0,,97.0,95.0,,,97.0
Bhutan,BTN,2013,97.0,97.0,97.0,,94.0,,97.0,94.0,,,97.0
Bhutan,BTN,2014,99.0,99.0,99.0,,97.0,,98.0,97.0,,,99.0
Bhutan,BTN,2015,99.0,99.0,99.0,43.0,97.0,,98.0,97.0,,,99.0
Bhutan,BTN,2016,99.0,98.0,98.0,90.0,97.0,,97.0,97.0,,,98.0
Bhutan,BTN,2017,99.0,98.0,98.0,35.0,97.0,,97.0,97.0,,,98.0
Bhutan,BTN,2018,99.0,97.0,97.0,97.0,97.0,,97.0,97.0,,,97.0
Bhutan,BTN,2019,92.0,97.0,97.0,96.0,97.0,26.0,97.0,97.0,,,97.0
"Bolivia, Plurinational State of",BOL,2000,92.0,77.0,77.0,,84.0,,74.0,84.0,,,75.0
"Bolivia, Plurinational State of",BOL,2001,90.0,77.0,77.0,,88.0,,71.0,88.0,,,71.0
"Bolivia, Plurinational State of",BOL,2002,93.0,77.0,77.0,,91.0,,76.0,91.0,,,77.0
"Bolivia, Plurinational State of",BOL,2003,96.0,80.0,80.0,,96.0,,82.0,96.0,,,88.0
"Bolivia, Plurinational State of",BOL,2004,86.0,84.0,84.0,,90.0,,84.0,90.0,,23.0,84.0
"Bolivia, Plurinational State of",BOL,2005,88.0,85.0,85.0,,89.0,,84.0,89.0,,84.0,85.0
"Bolivia, Plurinational State of",BOL,2006,87.0,83.0,83.0,,88.0,,82.0,88.0,,87.0,83.0
"Bolivia, Plurinational State of",BOL,2007,87.0,84.0,84.0,,86.0,,85.0,86.0,,93.0,84.0
"Bolivia, Plurinational State of",BOL,2008,90.0,88.0,88.0,,92.0,,87.0,92.0,51.0,88.0,88.0
"Bolivia, Plurinational State of",BOL,2009,93.0,93.0,93.0,,93.0,,92.0,93.0,76.0,72.0,93.0
"Bolivia, Plurinational State of",BOL,2010,98.0,91.0,91.0,,88.0,,90.0,88.0,87.0,74.0,91.0
"Bolivia, Plurinational State of",BOL,2011,99.0,95.0,95.0,,96.0,,95.0,96.0,91.0,92.0,95.0
"Bolivia, Plurinational State of",BOL,2012,99.0,93.0,93.0,,92.0,,93.0,92.0,91.0,90.0,93.0
"Bolivia, Plurinational State of",BOL,2013,94.0,87.0,87.0,,87.0,,88.0,87.0,85.0,83.0,87.0
"Bolivia, Plurinational State of",BOL,2014,94.0,85.0,85.0,,89.0,56.0,85.0,89.0,85.0,73.0,85.0
"Bolivia, Plurinational State of",BOL,2015,99.0,89.0,89.0,,95.0,86.0,88.0,95.0,89.0,88.0,89.0
"Bolivia, Plurinational State of",BOL,2016,96.0,87.0,87.0,92.0,94.0,87.0,87.0,94.0,87.0,89.0,87.0
"Bolivia, Plurinational State of",BOL,2017,93.0,84.0,84.0,91.0,83.0,83.0,83.0,83.0,84.0,82.0,84.0
"Bolivia, Plurinational State of",BOL,2018,90.0,83.0,83.0,89.0,89.0,83.0,83.0,89.0,87.0,84.0,83.0
"Bolivia, Plurinational State of",BOL,2019,80.0,75.0,75.0,81.0,79.0,75.0,75.0,79.0,78.0,77.0,75.0
Botswana,BWA,2000,99.0,86.0,,,91.0,,97.0,,,,97.0
Botswana,BWA,2001,99.0,87.0,,,91.0,,97.0,,,,97.0
Botswana,BWA,2002,99.0,88.0,,,92.0,,97.0,,,,97.0
Botswana,BWA,2003,99.0,90.0,,,92.0,,96.0,,,,96.0
Botswana,BWA,2004,99.0,91.0,,,93.0,,96.0,,,,96.0
Botswana,BWA,2005,99.0,92.0,,,93.0,,96.0,,,,96.0
Botswana,BWA,2006,99.0,93.0,,,94.0,,96.0,,,,96.0
Botswana,BWA,2007,99.0,93.0,,,95.0,,96.0,,,,96.0
Botswana,BWA,2008,99.0,94.0,,,95.0,,96.0,,,,96.0
Botswana,BWA,2009,99.0,94.0,,,96.0,,96.0,,,,96.0
Botswana,BWA,2010,98.0,95.0,,,96.0,,96.0,,,,95.0
Botswana,BWA,2011,98.0,95.0,95.0,,97.0,,96.0,,,,95.0
Botswana,BWA,2012,98.0,95.0,95.0,,97.0,52.0,96.0,,74.0,,95.0
Botswana,BWA,2013,98.0,95.0,95.0,,97.0,72.0,96.0,,85.0,,95.0
Botswana,BWA,2014,98.0,95.0,95.0,,97.0,95.0,96.0,,95.0,,95.0
Botswana,BWA,2015,98.0,95.0,95.0,8.0,97.0,93.0,96.0,,92.0,,95.0
Botswana,BWA,2016,98.0,95.0,95.0,49.0,97.0,91.0,96.0,97.0,88.0,,95.0
Botswana,BWA,2017,98.0,95.0,95.0,95.0,97.0,89.0,96.0,97.0,85.0,,95.0
Botswana,BWA,2018,98.0,95.0,95.0,95.0,97.0,91.0,96.0,97.0,87.0,,95.0
Botswana,BWA,2019,98.0,95.0,95.0,95.0,97.0,92.0,96.0,97.0,86.0,,95.0
Brazil,BRA,2000,99.0,94.0,90.0,,99.0,,99.0,99.0,,37.0,98.0
Brazil,BRA,2001,99.0,91.0,93.0,,99.0,,99.0,99.0,,39.0,98.0
Brazil,BRA,2002,99.0,92.0,93.0,,96.0,,99.0,96.0,,20.0,99.0
Brazil,BRA,2003,99.0,97.0,94.0,,97.0,,99.0,97.0,,34.0,99.0
Brazil,BRA,2004,99.0,96.0,95.0,,97.0,,99.0,97.0,,31.0,99.0
Brazil,BRA,2005,99.0,98.0,96.0,,98.0,,99.0,98.0,,34.0,99.0
Brazil,BRA,2006,99.0,99.0,97.0,,99.0,,99.0,99.0,47.0,34.0,99.0
Brazil,BRA,2007,99.0,99.0,98.0,,99.0,,99.0,99.0,80.0,36.0,99.0
Brazil,BRA,2008,99.0,96.0,99.0,,99.0,,99.0,99.0,81.0,35.0,99.0
Brazil,BRA,2009,99.0,99.0,99.0,,99.0,,99.0,99.0,86.0,34.0,99.0
Brazil,BRA,2010,99.0,96.0,99.0,,99.0,24.0,99.0,99.0,83.0,34.0,99.0
Brazil,BRA,2011,99.0,98.0,99.0,,99.0,82.0,98.0,99.0,87.0,37.0,99.0
Brazil,BRA,2012,99.0,96.0,95.0,,99.0,88.0,96.0,99.0,86.0,42.0,95.0
Brazil,BRA,2013,99.0,96.0,98.0,,98.0,94.0,96.0,98.0,93.0,45.0,97.0
Brazil,BRA,2014,99.0,96.0,95.0,,97.0,93.0,96.0,97.0,92.0,47.0,93.0
Brazil,BRA,2015,99.0,96.0,96.0,97.0,96.0,94.0,98.0,96.0,94.0,46.0,96.0
Brazil,BRA,2016,90.0,89.0,89.0,80.0,95.0,84.0,72.0,95.0,88.0,43.0,89.0
Brazil,BRA,2017,91.0,93.0,93.0,99.0,91.0,84.0,75.0,91.0,70.0,55.0,89.0
Brazil,BRA,2018,92.0,93.0,83.0,88.0,92.0,84.0,85.0,92.0,80.0,58.0,87.0
Brazil,BRA,2019,79.0,72.0,72.0,86.0,91.0,84.0,85.0,91.0,83.0,60.0,70.0
Bulgaria,BGR,2000,98.0,94.0,,,89.0,,94.0,89.0,,,93.0
Bulgaria,BGR,2001,98.0,93.0,,,90.0,,94.0,90.0,,,94.0
Bulgaria,BGR,2002,98.0,88.0,,,92.0,,94.0,92.0,,,93.0
Bulgaria,BGR,2003,98.0,96.0,,,96.0,,96.0,96.0,,,96.0
Bulgaria,BGR,2004,98.0,94.0,,,95.0,,94.0,95.0,,,95.0
Bulgaria,BGR,2005,98.0,96.0,,,96.0,,97.0,96.0,,,96.0
Bulgaria,BGR,2006,98.0,96.0,,,96.0,,96.0,96.0,,,95.0
Bulgaria,BGR,2007,98.0,95.0,,,96.0,,95.0,96.0,,,95.0
Bulgaria,BGR,2008,98.0,96.0,,,96.0,,96.0,96.0,,,95.0
Bulgaria,BGR,2009,98.0,96.0,,,96.0,,94.0,96.0,,,94.0
Bulgaria,BGR,2010,98.0,95.0,91.0,,97.0,69.0,94.0,97.0,,,94.0
Bulgaria,BGR,2011,98.0,96.0,95.0,,95.0,94.0,95.0,95.0,,,95.0
Bulgaria,BGR,2012,97.0,95.0,95.0,,94.0,94.0,95.0,94.0,,,95.0
Bulgaria,BGR,2013,97.0,95.0,95.0,,95.0,94.0,95.0,95.0,,,95.0
Bulgaria,BGR,2014,97.0,95.0,83.0,,93.0,92.0,88.0,93.0,,,88.0
Bulgaria,BGR,2015,96.0,92.0,87.0,93.0,92.0,90.0,91.0,92.0,,,91.0
Bulgaria,BGR,2016,96.0,91.0,92.0,94.0,92.0,90.0,92.0,92.0,,,92.0
Bulgaria,BGR,2017,96.0,92.0,92.0,96.0,94.0,91.0,92.0,94.0,,,92.0
Bulgaria,BGR,2018,96.0,85.0,92.0,94.0,93.0,88.0,92.0,93.0,31.0,,92.0
Bulgaria,BGR,2019,96.0,93.0,92.0,96.0,95.0,88.0,93.0,95.0,39.0,,93.0
Burundi,BDI,2000,85.0,,,,72.0,,71.0,,,,80.0
Burundi,BDI,2001,87.0,,,,73.0,,72.0,,,,81.0
Burundi,BDI,2002,88.0,,,,75.0,,74.0,,,,81.0
Burundi,BDI,2003,90.0,,,,76.0,,75.0,,,,82.0
Burundi,BDI,2004,91.0,83.0,83.0,,78.0,,76.0,,,,83.0
Burundi,BDI,2005,89.0,87.0,87.0,,87.0,,82.0,,,,87.0
Burundi,BDI,2006,98.0,92.0,92.0,,92.0,,88.0,,,,92.0
Burundi,BDI,2007,97.0,99.0,99.0,,88.0,,93.0,,,,99.0
Burundi,BDI,2008,99.0,92.0,92.0,,84.0,,89.0,,,,92.0
Burundi,BDI,2009,98.0,94.0,94.0,,91.0,,96.0,,,,94.0
Burundi,BDI,2010,93.0,96.0,96.0,,92.0,,94.0,,,,96.0
Burundi,BDI,2011,90.0,96.0,96.0,,93.0,14.0,95.0,,,,96.0
Burundi,BDI,2012,98.0,96.0,96.0,,93.0,96.0,96.0,,,,96.0
Burundi,BDI,2013,95.0,96.0,96.0,,98.0,96.0,96.0,,,,96.0
Burundi,BDI,2014,92.0,95.0,95.0,,94.0,95.0,95.0,,84.0,,95.0
Burundi,BDI,2015,93.0,94.0,94.0,4.0,93.0,94.0,94.0,,96.0,,94.0
Burundi,BDI,2016,93.0,94.0,94.0,60.0,93.0,94.0,94.0,,96.0,,94.0
Burundi,BDI,2017,92.0,91.0,91.0,0.0,90.0,91.0,91.0,90.0,93.0,,91.0
Burundi,BDI,2018,91.0,90.0,90.0,50.0,88.0,90.0,90.0,88.0,92.0,,90.0
Burundi,BDI,2019,93.0,93.0,93.0,92.0,92.0,93.0,93.0,92.0,95.0,,93.0
Cameroon,CMR,2000,78.0,,,,49.0,,57.0,,,,62.0
Cameroon,CMR,2001,79.0,,,,51.0,,61.0,,,,63.0
Cameroon,CMR,2002,79.0,,,,53.0,,66.0,,,,66.0
Cameroon,CMR,2003,82.0,,,,61.0,,72.0,,,,73.0
Cameroon,CMR,2004,83.0,,,,64.0,,72.0,,,59.0,73.0
Cameroon,CMR,2005,90.0,79.0,,,68.0,,79.0,,,68.0,80.0
Cameroon,CMR,2006,96.0,81.0,,,73.0,,78.0,,,72.0,81.0
Cameroon,CMR,2007,89.0,82.0,,,74.0,,81.0,,,74.0,82.0
Cameroon,CMR,2008,91.0,84.0,,,80.0,,82.0,,,77.0,84.0
Cameroon,CMR,2009,81.0,80.0,80.0,,74.0,,79.0,,,72.0,80.0
Cameroon,CMR,2010,83.0,84.0,84.0,,79.0,,83.0,,,79.0,84.0
Cameroon,CMR,2011,80.0,82.0,82.0,,76.0,23.0,80.0,,,75.0,82.0
Cameroon,CMR,2012,81.0,85.0,85.0,,82.0,84.0,85.0,,,80.0,85.0
Cameroon,CMR,2013,82.0,89.0,89.0,,83.0,88.0,88.0,,,83.0,89.0
Cameroon,CMR,2014,87.0,83.0,83.0,,78.0,83.0,84.0,,34.0,77.0,83.0
Cameroon,CMR,2015,83.0,78.0,78.0,22.0,74.0,77.0,77.0,,61.0,70.0,78.0
Cameroon,CMR,2016,84.0,75.0,75.0,70.0,71.0,72.0,75.0,,68.0,68.0,75.0
Cameroon,CMR,2017,87.0,74.0,74.0,65.0,65.0,72.0,74.0,65.0,70.0,62.0,74.0
Cameroon,CMR,2018,84.0,67.0,67.0,67.0,59.0,67.0,68.0,59.0,65.0,58.0,67.0
Cameroon,CMR,2019,80.0,67.0,67.0,67.0,60.0,67.0,68.0,60.0,65.0,56.0,67.0
Canada,CAN,2003,,14.0,88.0,,95.0,,88.0,95.0,,,91.0
Canada,CAN,2004,,14.0,91.0,,94.0,,91.0,94.0,,,91.0
Canada,CAN,2005,,14.0,93.0,,94.0,,93.0,94.0,,,93.0
Canada,CAN,2006,,14.0,95.0,,93.0,,95.0,93.0,,,95.0
Canada,CAN,2007,,14.0,93.0,,94.0,,99.0,94.0,,,94.0
Canada,CAN,2008,,28.0,92.0,,93.0,42.0,96.0,93.0,,,92.0
Canada,CAN,2009,,42.0,91.0,,91.0,50.0,93.0,91.0,,,91.0
Canada,CAN,2010,,56.0,90.0,,90.0,58.0,90.0,90.0,,,89.0
Canada,CAN,2011,,70.0,89.0,,88.0,66.0,87.0,88.0,,,87.0
Canada,CAN,2012,,70.0,90.0,,89.0,73.0,91.0,89.0,,,91.0
Canada,CAN,2013,,55.0,91.0,,90.0,79.0,91.0,90.0,,,91.0
Canada,CAN,2014,,55.0,91.0,,90.0,79.0,91.0,90.0,,,91.0
Canada,CAN,2015,,69.0,91.0,95.0,89.0,80.0,91.0,89.0,,,91.0
Canada,CAN,2016,,70.0,91.0,95.0,89.0,80.0,91.0,89.0,,,91.0
Canada,CAN,2017,,71.0,91.0,94.0,90.0,81.0,91.0,90.0,79.0,,91.0
Canada,CAN,2018,,71.0,91.0,94.0,90.0,81.0,91.0,90.0,79.0,,91.0
Canada,CAN,2019,,84.0,92.0,94.0,90.0,84.0,92.0,90.0,84.0,,91.0
Canada,CAN,2000,,,88.0,,96.0,,,96.0,,,89.0
Canada,CAN,2001,,,88.0,,95.0,,,95.0,,,89.0
Canada,CAN,2002,,,88.0,,95.0,,88.0,95.0,,,88.0
Chile,CHL,2000,93.0,,91.0,,97.0,,91.0,97.0,,,91.0
Chile,CHL,2001,98.0,,97.0,,96.0,,96.0,96.0,,,97.0
Chile,CHL,2002,96.0,,97.0,,95.0,,97.0,95.0,,,97.0
Chile,CHL,2003,95.0,,96.0,,96.0,,96.0,96.0,,,96.0
Chile,CHL,2004,95.0,,93.0,,94.0,,94.0,94.0,,,93.0
Chile,CHL,2005,95.0,,91.0,,90.0,,92.0,90.0,,,91.0
Chile,CHL,2006,98.0,95.0,94.0,,91.0,,94.0,91.0,,,94.0
Chile,CHL,2007,98.0,92.0,96.0,,92.0,,95.0,92.0,,,96.0
Chile,CHL,2008,99.0,95.0,95.0,,96.0,,95.0,96.0,,,95.0
Chile,CHL,2009,95.0,94.0,94.0,,93.0,,94.0,93.0,,,94.0
Chile,CHL,2010,95.0,92.0,92.0,,93.0,,92.0,93.0,,,92.0
Chile,CHL,2011,91.0,94.0,94.0,,91.0,54.0,93.0,91.0,,,94.0
Chile,CHL,2012,92.0,90.0,90.0,,90.0,82.0,90.0,90.0,,,90.0
Chile,CHL,2013,98.0,90.0,90.0,,90.0,79.0,90.0,90.0,,,91.0
Chile,CHL,2014,98.0,95.0,95.0,,97.0,92.0,95.0,97.0,,,95.0
Chile,CHL,2015,93.0,97.0,97.0,,96.0,90.0,96.0,96.0,,,96.0
Chile,CHL,2016,97.0,95.0,95.0,99.0,93.0,93.0,95.0,93.0,,,95.0
Chile,CHL,2017,96.0,93.0,93.0,98.0,93.0,93.0,93.0,93.0,,,93.0
Chile,CHL,2018,96.0,95.0,95.0,98.0,93.0,93.0,95.0,93.0,,,95.0
Chile,CHL,2019,98.0,96.0,96.0,99.0,95.0,95.0,96.0,95.0,,,96.0
China,CHN,2000,84.0,60.0,,,84.0,,86.0,,,,85.0
China,CHN,2001,85.0,65.0,,,85.0,,86.0,,,,86.0
China,CHN,2002,85.0,70.0,,,85.0,,86.0,,,,86.0
China,CHN,2003,85.0,75.0,,,85.0,,87.0,,,,86.0
China,CHN,2004,86.0,79.0,,,86.0,,87.0,,,,87.0
China,CHN,2005,86.0,84.0,,,86.0,,87.0,,,,87.0
China,CHN,2006,92.0,91.0,,,93.0,,94.0,,,,93.0
China,CHN,2007,94.0,92.0,,,94.0,,94.0,,,,93.0
China,CHN,2008,97.0,95.0,,,97.0,,99.0,,,,97.0
China,CHN,2009,99.0,99.0,,,99.0,,99.0,,,,99.0
China,CHN,2010,99.0,99.0,,,99.0,,99.0,62.0,,,99.0
China,CHN,2011,99.0,99.0,,,99.0,,99.0,86.0,,,99.0
China,CHN,2012,99.0,99.0,,,99.0,,99.0,95.0,,,99.0
China,CHN,2013,99.0,99.0,,,99.0,,99.0,96.0,,,99.0
China,CHN,2014,99.0,99.0,,,99.0,,99.0,98.0,,,99.0
China,CHN,2015,99.0,99.0,,,99.0,,99.0,95.0,,,99.0
China,CHN,2016,99.0,99.0,,,99.0,,99.0,99.0,,,99.0
China,CHN,2017,99.0,99.0,,99.0,99.0,,99.0,99.0,,,99.0
China,CHN,2018,99.0,99.0,,99.0,99.0,,99.0,99.0,,,99.0
China,CHN,2019,99.0,99.0,,99.0,99.0,,99.0,99.0,,,99.0
Colombia,COL,2000,91.0,78.0,65.0,,88.0,,82.0,88.0,,,79.0
Colombia,COL,2001,87.0,80.0,55.0,,93.0,,83.0,93.0,,,80.0
Colombia,COL,2002,87.0,78.0,69.0,,93.0,,83.0,93.0,,,81.0
Colombia,COL,2003,97.0,92.0,93.0,,93.0,,92.0,93.0,,,92.0
Colombia,COL,2004,92.0,89.0,89.0,,92.0,,89.0,92.0,,,89.0
Colombia,COL,2005,94.0,93.0,93.0,,94.0,,93.0,94.0,,,93.0
Colombia,COL,2006,96.0,93.0,93.0,,95.0,,94.0,95.0,,88.0,93.0
Colombia,COL,2007,93.0,94.0,94.0,,95.0,,93.0,95.0,,84.0,94.0
Colombia,COL,2008,93.0,92.0,92.0,,92.0,,92.0,92.0,,81.0,92.0
Colombia,COL,2009,90.0,92.0,92.0,,95.0,,92.0,95.0,55.0,80.0,92.0
Colombia,COL,2010,84.0,88.0,88.0,,88.0,22.0,88.0,88.0,74.0,79.0,88.0
Colombia,COL,2011,87.0,85.0,85.0,,88.0,46.0,85.0,88.0,78.0,88.0,85.0
Colombia,COL,2012,89.0,92.0,92.0,,94.0,84.0,91.0,94.0,87.0,92.0,91.0
Colombia,COL,2013,85.0,91.0,91.0,,92.0,87.0,91.0,92.0,87.0,92.0,91.0
Colombia,COL,2014,89.0,90.0,90.0,,91.0,89.0,90.0,91.0,89.0,92.0,90.0
Colombia,COL,2015,90.0,91.0,91.0,92.0,94.0,91.0,91.0,94.0,91.0,85.0,91.0
Colombia,COL,2016,88.0,91.0,91.0,91.0,93.0,89.0,91.0,93.0,90.0,77.0,91.0
Colombia,COL,2017,91.0,92.0,92.0,92.0,93.0,91.0,92.0,93.0,90.0,88.0,92.0
Colombia,COL,2018,89.0,92.0,92.0,93.0,95.0,94.0,92.0,95.0,92.0,87.0,92.0
Colombia,COL,2019,90.0,92.0,92.0,95.0,95.0,93.0,94.0,95.0,95.0,90.0,94.0
Costa Rica,CRI,2000,95.0,89.0,92.0,,82.0,,80.0,82.0,,,88.0
Costa Rica,CRI,2001,91.0,80.0,89.0,,82.0,,92.0,82.0,,,91.0
Costa Rica,CRI,2002,96.0,94.0,93.0,,94.0,,94.0,94.0,,,94.0
Costa Rica,CRI,2003,93.0,86.0,88.0,,89.0,,88.0,89.0,,,88.0
Costa Rica,CRI,2004,97.0,89.0,90.0,,88.0,,90.0,88.0,,,90.0
Costa Rica,CRI,2005,96.0,90.0,89.0,,89.0,,91.0,89.0,,,91.0
Costa Rica,CRI,2006,95.0,88.0,88.0,,90.0,,89.0,90.0,,,89.0
Costa Rica,CRI,2007,99.0,89.0,88.0,,90.0,,89.0,90.0,,,89.0
Costa Rica,CRI,2008,99.0,89.0,87.0,,89.0,,89.0,89.0,,,90.0
Costa Rica,CRI,2009,91.0,87.0,87.0,,81.0,48.0,80.0,81.0,,,86.0
Costa Rica,CRI,2010,88.0,89.0,90.0,,83.0,94.0,93.0,83.0,,,88.0
Costa Rica,CRI,2011,90.0,84.0,81.0,,83.0,68.0,82.0,83.0,,,85.0
Costa Rica,CRI,2012,91.0,91.0,90.0,,90.0,89.0,90.0,90.0,,,91.0
Costa Rica,CRI,2013,93.0,94.0,95.0,,91.0,94.0,95.0,91.0,,,95.0
Costa Rica,CRI,2014,95.0,91.0,91.0,,95.0,83.0,91.0,95.0,,,91.0
Costa Rica,CRI,2015,99.0,92.0,92.0,93.0,93.0,94.0,92.0,93.0,,,92.0
Costa Rica,CRI,2016,99.0,97.0,97.0,96.0,93.0,94.0,97.0,93.0,,,97.0
Costa Rica,CRI,2017,99.0,97.0,96.0,99.0,96.0,96.0,96.0,96.0,,,96.0
Costa Rica,CRI,2018,99.0,98.0,94.0,95.0,94.0,96.0,94.0,94.0,,,94.0
Costa Rica,CRI,2019,99.0,97.0,96.0,96.0,95.0,95.0,96.0,95.0,59.0,,95.0
Croatia,HRV,2000,98.0,,,,93.0,,94.0,93.0,,,93.0
Croatia,HRV,2001,97.0,,,,94.0,,94.0,94.0,,,94.0
Croatia,HRV,2002,99.0,,79.0,,95.0,,95.0,95.0,,,95.0
Croatia,HRV,2003,98.0,,95.0,,94.0,,95.0,94.0,,,94.0
Croatia,HRV,2004,98.0,,95.0,,96.0,,96.0,96.0,,,96.0
Croatia,HRV,2005,98.0,,96.0,,96.0,,96.0,96.0,,,96.0
Croatia,HRV,2006,99.0,,96.0,,95.0,,96.0,95.0,,,96.0
Croatia,HRV,2007,99.0,94.0,96.0,,96.0,,96.0,96.0,,,96.0
Croatia,HRV,2008,99.0,97.0,96.0,,96.0,,96.0,96.0,,,96.0
Croatia,HRV,2009,99.0,97.0,96.0,,95.0,,96.0,95.0,,,96.0
Croatia,HRV,2010,99.0,97.0,97.0,,96.0,,97.0,96.0,,,97.0
Croatia,HRV,2011,99.0,96.0,96.0,,96.0,,96.0,96.0,,,96.0
Croatia,HRV,2012,99.0,96.0,96.0,,95.0,,96.0,95.0,,,96.0
Croatia,HRV,2013,99.0,96.0,96.0,,94.0,,96.0,94.0,,,96.0
Croatia,HRV,2014,98.0,95.0,95.0,,94.0,,95.0,94.0,,,95.0
Croatia,HRV,2015,98.0,94.0,94.0,98.0,93.0,,94.0,93.0,,,94.0
Croatia,HRV,2016,99.0,92.0,93.0,98.0,90.0,,93.0,90.0,,,93.0
Croatia,HRV,2017,98.0,92.0,92.0,98.0,89.0,,92.0,89.0,,,92.0
Croatia,HRV,2018,98.0,93.0,94.0,98.0,93.0,,94.0,93.0,,,93.0
Croatia,HRV,2019,98.0,93.0,94.0,98.0,93.0,,94.0,93.0,,,94.0
Cyprus,CYP,2000,,89.0,32.0,,86.0,,97.0,86.0,,,97.0
Cyprus,CYP,2001,,89.0,32.0,,86.0,,97.0,86.0,,,97.0
Cyprus,CYP,2002,,88.0,32.0,,86.0,,98.0,86.0,,,98.0
Cyprus,CYP,2003,,88.0,58.0,,86.0,,98.0,86.0,,,98.0
Cyprus,CYP,2004,,88.0,58.0,,86.0,,98.0,86.0,,,98.0
Cyprus,CYP,2005,,88.0,58.0,,86.0,,98.0,86.0,,,98.0
Cyprus,CYP,2006,,93.0,90.0,,87.0,,97.0,87.0,,,97.0
Cyprus,CYP,2007,,93.0,90.0,,87.0,,97.0,87.0,,,97.0
Cyprus,CYP,2008,,93.0,90.0,,87.0,,97.0,87.0,,,97.0
Cyprus,CYP,2009,,96.0,96.0,,87.0,,99.0,87.0,,,99.0
Cyprus,CYP,2010,,96.0,96.0,,87.0,,99.0,87.0,,,99.0
Cyprus,CYP,2011,,96.0,96.0,,87.0,,99.0,87.0,,,99.0
Cyprus,CYP,2012,,96.0,96.0,,86.0,,99.0,86.0,,,99.0
Cyprus,CYP,2013,,96.0,96.0,,86.0,,99.0,86.0,,,99.0
Cyprus,CYP,2014,,96.0,96.0,,86.0,,99.0,86.0,,,99.0
Cyprus,CYP,2015,,97.0,97.0,99.0,90.0,81.0,97.0,90.0,,,97.0
Cyprus,CYP,2016,,97.0,96.0,99.0,90.0,81.0,97.0,90.0,,,97.0
Cyprus,CYP,2017,,97.0,96.0,99.0,90.0,81.0,97.0,90.0,,,97.0
Cyprus,CYP,2018,,97.0,97.0,99.0,90.0,81.0,97.0,90.0,,,99.0
Cyprus,CYP,2019,,94.0,92.0,99.0,86.0,81.0,96.0,86.0,,,96.0
Czechia,CZE,2000,98.0,,,,97.0,,98.0,97.0,,,98.0
Czechia,CZE,2001,98.0,,,,97.0,,97.0,97.0,,,98.0
Czechia,CZE,2002,97.0,86.0,95.0,,98.0,,97.0,98.0,,,98.0
Czechia,CZE,2003,98.0,92.0,97.0,,97.0,,97.0,97.0,,,97.0
Czechia,CZE,2004,99.0,98.0,98.0,,97.0,,96.0,97.0,,,98.0
Czechia,CZE,2005,99.0,99.0,97.0,,97.0,,96.0,97.0,,,97.0
Czechia,CZE,2006,99.0,98.0,97.0,,97.0,,98.0,97.0,,,98.0
Czechia,CZE,2007,99.0,99.0,99.0,,98.0,,99.0,98.0,,,99.0
Czechia,CZE,2008,99.0,99.0,99.0,,97.0,,99.0,97.0,,,99.0
Czechia,CZE,2009,98.0,99.0,99.0,,98.0,,99.0,98.0,,,99.0
Czechia,CZE,2010,,99.0,99.0,,98.0,,99.0,98.0,,,99.0
Czechia,CZE,2011,,99.0,99.0,,98.0,,99.0,98.0,,,99.0
Czechia,CZE,2012,,99.0,99.0,,98.0,,99.0,98.0,,,99.0
Czechia,CZE,2013,,99.0,99.0,,99.0,,99.0,99.0,,,98.0
Czechia,CZE,2014,,99.0,99.0,,99.0,,99.0,99.0,,,97.0
Czechia,CZE,2015,,97.0,97.0,99.0,99.0,,97.0,99.0,,,97.0
Czechia,CZE,2016,,96.0,96.0,98.0,98.0,,96.0,98.0,,,96.0
Czechia,CZE,2017,,94.0,94.0,98.0,97.0,,94.0,97.0,,,96.0
Czechia,CZE,2018,,96.0,96.0,99.0,96.0,,96.0,96.0,,,97.0
Czechia,CZE,2019,,97.0,97.0,99.0,92.0,,97.0,92.0,,,97.0
Denmark,DNK,2000,,,95.0,,99.0,,97.0,99.0,,,97.0
Denmark,DNK,2001,,,95.0,,94.0,,97.0,94.0,,,97.0
Denmark,DNK,2002,,,96.0,,95.0,,98.0,95.0,,,98.0
Denmark,DNK,2003,,,96.0,,96.0,,96.0,96.0,,,96.0
Denmark,DNK,2004,,,95.0,,96.0,,95.0,96.0,,,95.0
Denmark,DNK,2005,,,93.0,,95.0,,93.0,95.0,,,93.0
Denmark,DNK,2006,,,93.0,,90.0,,93.0,90.0,,,93.0
Denmark,DNK,2007,,,87.0,,89.0,,87.0,89.0,,,87.0
Denmark,DNK,2008,,,88.0,,87.0,,88.0,87.0,,,88.0
Denmark,DNK,2009,,,89.0,,84.0,86.0,89.0,84.0,,,89.0
Denmark,DNK,2010,,,90.0,,85.0,88.0,90.0,85.0,,,90.0
Denmark,DNK,2011,,,91.0,,87.0,90.0,91.0,87.0,,,91.0
Denmark,DNK,2012,,,94.0,,90.0,93.0,94.0,90.0,,,94.0
Denmark,DNK,2013,,,94.0,,89.0,90.0,94.0,89.0,,,94.0
Denmark,DNK,2014,,,94.0,,90.0,93.0,94.0,90.0,,,94.0
Denmark,DNK,2015,,,93.0,96.0,91.0,91.0,93.0,91.0,,,93.0
Denmark,DNK,2016,,,94.0,97.0,94.0,94.0,94.0,94.0,,,94.0
Denmark,DNK,2017,,,98.0,99.0,97.0,97.0,98.0,97.0,,,98.0
Denmark,DNK,2018,,,97.0,97.0,95.0,96.0,97.0,95.0,,,97.0
Denmark,DNK,2019,,,97.0,97.0,96.0,97.0,97.0,96.0,,,97.0
Ecuador,ECU,2000,99.0,36.0,,,99.0,,83.0,99.0,,5.0,87.0
Ecuador,ECU,2001,99.0,69.0,,,99.0,,90.0,99.0,,5.0,89.0
Ecuador,ECU,2002,99.0,75.0,,,99.0,,88.0,99.0,,5.0,88.0
Ecuador,ECU,2003,99.0,82.0,54.0,,99.0,,97.0,99.0,,5.0,87.0
Ecuador,ECU,2004,99.0,88.0,86.0,,99.0,,90.0,99.0,,5.0,88.0
Ecuador,ECU,2005,99.0,92.0,90.0,,93.0,,89.0,93.0,,5.0,92.0
Ecuador,ECU,2006,99.0,96.0,94.0,,97.0,,92.0,97.0,,5.0,96.0
Ecuador,ECU,2007,99.0,94.0,95.0,,98.0,,95.0,98.0,,5.0,96.0
Ecuador,ECU,2008,98.0,93.0,95.0,,98.0,,94.0,98.0,82.0,5.0,96.0
Ecuador,ECU,2009,99.0,91.0,93.0,,97.0,,91.0,97.0,97.0,5.0,94.0
Ecuador,ECU,2010,98.0,90.0,90.0,,95.0,17.0,88.0,95.0,94.0,81.0,91.0
Ecuador,ECU,2011,98.0,88.0,88.0,,94.0,71.0,85.0,94.0,90.0,74.0,88.0
Ecuador,ECU,2012,94.0,88.0,87.0,,96.0,94.0,85.0,96.0,87.0,74.0,87.0
Ecuador,ECU,2013,90.0,87.0,87.0,,97.0,90.0,87.0,97.0,83.0,73.0,87.0
Ecuador,ECU,2014,89.0,83.0,83.0,,85.0,86.0,84.0,85.0,81.0,86.0,83.0
Ecuador,ECU,2015,88.0,78.0,78.0,3.0,84.0,81.0,84.0,84.0,78.0,78.0,78.0
Ecuador,ECU,2016,84.0,83.0,83.0,79.0,86.0,84.0,79.0,86.0,80.0,81.0,83.0
Ecuador,ECU,2017,88.0,85.0,85.0,83.0,81.0,84.0,83.0,81.0,84.0,84.0,85.0
Ecuador,ECU,2018,90.0,85.0,85.0,69.0,83.0,85.0,85.0,83.0,85.0,85.0,85.0
Ecuador,ECU,2019,86.0,85.0,85.0,85.0,83.0,83.0,85.0,83.0,85.0,84.0,85.0
Egypt,EGY,2000,98.0,98.0,,,98.0,,98.0,97.0,,,98.0
Egypt,EGY,2001,98.0,99.0,,,97.0,,99.0,99.0,,,99.0
Egypt,EGY,2002,98.0,97.0,,,97.0,,97.0,96.0,,,97.0
Egypt,EGY,2003,98.0,98.0,,,98.0,,98.0,97.0,,,98.0
Egypt,EGY,2004,98.0,97.0,,,97.0,,97.0,96.0,,,97.0
Egypt,EGY,2005,98.0,98.0,,,98.0,,98.0,97.0,,,98.0
Egypt,EGY,2006,99.0,98.0,,,98.0,,98.0,97.0,,,98.0
Egypt,EGY,2007,98.0,98.0,,,97.0,,98.0,97.0,,,98.0
Egypt,EGY,2008,98.0,97.0,,,92.0,,97.0,92.0,,,97.0
Egypt,EGY,2009,98.0,97.0,,,95.0,,97.0,95.0,,,97.0
Egypt,EGY,2010,98.0,97.0,,,96.0,,97.0,96.0,,,97.0
Egypt,EGY,2011,98.0,96.0,,,96.0,,96.0,96.0,,,96.0
Egypt,EGY,2012,95.0,93.0,,,93.0,,93.0,93.0,,,93.0
Egypt,EGY,2013,98.0,97.0,,,96.0,,97.0,96.0,,,97.0
Egypt,EGY,2014,96.0,94.0,94.0,,93.0,,94.0,93.0,,,94.0
Egypt,EGY,2015,96.0,93.0,93.0,,92.0,,93.0,92.0,,,93.0
Egypt,EGY,2016,96.0,95.0,95.0,,95.0,,95.0,95.0,,,95.0
Egypt,EGY,2017,86.0,94.0,94.0,,94.0,,94.0,94.0,,,94.0
Egypt,EGY,2018,95.0,95.0,95.0,,94.0,,95.0,94.0,,,95.0
Egypt,EGY,2019,96.0,95.0,95.0,96.0,95.0,,95.0,95.0,,,95.0
El Salvador,SLV,2000,99.0,99.0,,,97.0,,98.0,97.0,,,99.0
El Salvador,SLV,2001,92.0,75.0,,,95.0,,94.0,95.0,,,92.0
El Salvador,SLV,2002,92.0,81.0,81.0,,93.0,,81.0,93.0,,,81.0
El Salvador,SLV,2003,91.0,94.0,94.0,,90.0,,93.0,90.0,,,94.0
El Salvador,SLV,2004,94.0,90.0,90.0,,93.0,,90.0,93.0,,,90.0
El Salvador,SLV,2005,84.0,89.0,89.0,,99.0,,89.0,99.0,,,89.0
El Salvador,SLV,2006,93.0,96.0,96.0,,98.0,,96.0,98.0,25.0,,96.0
El Salvador,SLV,2007,99.0,99.0,99.0,,99.0,,99.0,99.0,78.0,,99.0
El Salvador,SLV,2008,99.0,98.0,98.0,,95.0,,98.0,95.0,83.0,,98.0
El Salvador,SLV,2009,99.0,91.0,91.0,,91.0,,91.0,91.0,62.0,,91.0
El Salvador,SLV,2010,96.0,89.0,89.0,,92.0,69.0,89.0,92.0,90.0,,89.0
El Salvador,SLV,2011,95.0,89.0,89.0,,89.0,98.0,90.0,89.0,90.0,,89.0
El Salvador,SLV,2012,90.0,92.0,92.0,,93.0,94.0,93.0,93.0,93.0,,92.0
El Salvador,SLV,2013,90.0,92.0,92.0,,94.0,92.0,92.0,94.0,92.0,,92.0
El Salvador,SLV,2014,85.0,93.0,93.0,,95.0,86.0,93.0,95.0,96.0,,94.0
El Salvador,SLV,2015,99.0,91.0,91.0,,95.0,98.0,92.0,95.0,93.0,,91.0
El Salvador,SLV,2016,87.0,93.0,93.0,90.0,90.0,90.0,95.0,90.0,93.0,,93.0
El Salvador,SLV,2017,83.0,85.0,85.0,82.0,85.0,87.0,89.0,85.0,84.0,,85.0
El Salvador,SLV,2018,81.0,81.0,81.0,81.0,81.0,75.0,83.0,81.0,82.0,,81.0
El Salvador,SLV,2019,78.0,81.0,81.0,81.0,82.0,82.0,81.0,82.0,82.0,,81.0
Estonia,EST,2000,99.0,,,,93.0,,93.0,93.0,,,93.0
Estonia,EST,2001,99.0,,,,95.0,,94.0,95.0,,,94.0
Estonia,EST,2002,99.0,,,,95.0,,94.0,95.0,,,94.0
Estonia,EST,2003,99.0,,,,95.0,,95.0,95.0,,,94.0
Estonia,EST,2004,99.0,90.0,27.0,,96.0,,95.0,96.0,,,94.0
Estonia,EST,2005,99.0,95.0,37.0,,96.0,,96.0,96.0,,,96.0
Estonia,EST,2006,99.0,95.0,88.0,,96.0,,95.0,96.0,,,95.0
Estonia,EST,2007,98.0,95.0,95.0,,96.0,,95.0,96.0,,,95.0
Estonia,EST,2008,98.0,94.0,95.0,,95.0,,95.0,95.0,,,95.0
Estonia,EST,2009,97.0,95.0,95.0,,95.0,,95.0,95.0,,,95.0
Estonia,EST,2010,97.0,94.0,94.0,,95.0,,94.0,95.0,,,94.0
Estonia,EST,2011,99.0,94.0,93.0,,94.0,,93.0,94.0,,,93.0
Estonia,EST,2012,97.0,94.0,94.0,,94.0,,94.0,94.0,,,94.0
Estonia,EST,2013,96.0,93.0,94.0,,94.0,,94.0,94.0,,,94.0
Estonia,EST,2014,95.0,93.0,93.0,,93.0,,93.0,93.0,32.0,,93.0
Estonia,EST,2015,95.0,91.0,93.0,95.0,93.0,,93.0,93.0,64.0,,93.0
Estonia,EST,2016,95.0,93.0,93.0,95.0,93.0,,93.0,93.0,85.0,,93.0
Estonia,EST,2017,94.0,92.0,93.0,94.0,93.0,,93.0,93.0,87.0,,93.0
Estonia,EST,2018,92.0,93.0,92.0,93.0,87.0,,92.0,87.0,85.0,,92.0
Estonia,EST,2019,92.0,91.0,91.0,92.0,88.0,,91.0,88.0,81.0,,91.0
Ethiopia,ETH,2000,56.0,,,,36.0,,55.0,,,,30.0
Ethiopia,ETH,2001,57.0,,,,35.0,,54.0,,,,33.0
Ethiopia,ETH,2002,58.0,,,,36.0,,55.0,,,,35.0
Ethiopia,ETH,2003,59.0,,,,35.0,,54.0,,,,38.0
Ethiopia,ETH,2004,60.0,,,,35.0,,54.0,,,,40.0
Ethiopia,ETH,2005,64.0,,,,40.0,,56.0,,,,44.0
Ethiopia,ETH,2006,66.0,,,,44.0,,59.0,,,,46.0
Ethiopia,ETH,2007,69.0,47.0,47.0,,49.0,,61.0,,,,50.0
Ethiopia,ETH,2008,71.0,52.0,52.0,,54.0,,63.0,,,,54.0
Ethiopia,ETH,2009,74.0,56.0,56.0,,59.0,,65.0,,,,58.0
Ethiopia,ETH,2010,76.0,62.0,62.0,,64.0,,69.0,,,,61.0
Ethiopia,ETH,2011,80.0,65.0,65.0,,68.0,12.0,70.0,,,,65.0
Ethiopia,ETH,2012,74.0,62.0,62.0,,62.0,30.0,70.0,,,,62.0
Ethiopia,ETH,2013,68.0,59.0,59.0,,55.0,48.0,70.0,,,,59.0
Ethiopia,ETH,2014,69.0,61.0,61.0,,54.0,54.0,68.0,,56.0,,61.0
Ethiopia,ETH,2015,70.0,63.0,63.0,,56.0,57.0,75.0,,60.0,,63.0
Ethiopia,ETH,2016,72.0,66.0,66.0,,57.0,61.0,69.0,,63.0,,66.0
Ethiopia,ETH,2017,73.0,68.0,68.0,52.0,59.0,64.0,68.0,,67.0,,68.0
Ethiopia,ETH,2018,71.0,68.0,68.0,52.0,55.0,63.0,70.0,,66.0,,67.0
Ethiopia,ETH,2019,69.0,68.0,68.0,68.0,58.0,64.0,71.0,,68.0,,68.0
Fiji,FJI,2000,96.0,98.0,98.0,,81.0,,91.0,81.0,,,90.0
Fiji,FJI,2001,97.0,98.0,98.0,,83.0,,92.0,83.0,,,91.0
Fiji,FJI,2002,97.0,99.0,99.0,,85.0,,94.0,85.0,,,93.0
Fiji,FJI,2003,97.0,99.0,99.0,,86.0,,95.0,86.0,,,94.0
Fiji,FJI,2004,98.0,99.0,99.0,,88.0,,96.0,88.0,,,95.0
Fiji,FJI,2005,98.0,99.0,99.0,,90.0,,97.0,90.0,,,96.0
Fiji,FJI,2006,99.0,99.0,99.0,,92.0,,98.0,92.0,,,98.0
Fiji,FJI,2007,99.0,99.0,99.0,,94.0,,99.0,94.0,,,99.0
Fiji,FJI,2008,99.0,99.0,99.0,,95.0,,99.0,95.0,,,99.0
Fiji,FJI,2009,99.0,99.0,99.0,,95.0,,99.0,95.0,,,99.0
Fiji,FJI,2010,99.0,99.0,99.0,,96.0,,99.0,96.0,,,99.0
Fiji,FJI,2011,99.0,99.0,99.0,,96.0,,99.0,96.0,,,99.0
Fiji,FJI,2012,99.0,99.0,99.0,,96.0,,99.0,96.0,,,99.0
Fiji,FJI,2013,99.0,99.0,99.0,,96.0,87.0,99.0,96.0,85.0,,99.0
Fiji,FJI,2014,99.0,99.0,99.0,,96.0,99.0,99.0,96.0,99.0,,99.0
Fiji,FJI,2015,99.0,99.0,99.0,,96.0,99.0,99.0,96.0,99.0,,99.0
Fiji,FJI,2016,99.0,99.0,99.0,99.0,96.0,99.0,99.0,96.0,99.0,,99.0
Fiji,FJI,2017,99.0,99.0,99.0,99.0,96.0,99.0,99.0,96.0,99.0,,99.0
Fiji,FJI,2018,99.0,99.0,99.0,99.0,96.0,99.0,99.0,96.0,99.0,,99.0
Fiji,FJI,2019,99.0,99.0,99.0,99.0,96.0,99.0,99.0,96.0,99.0,,99.0
Finland,FIN,2000,99.0,,96.0,,96.0,,96.0,96.0,,,99.0
Finland,FIN,2001,99.0,,96.0,,96.0,,95.0,96.0,,,98.0
Finland,FIN,2002,99.0,,96.0,,96.0,,95.0,96.0,,,98.0
Finland,FIN,2003,98.0,,96.0,,97.0,,96.0,97.0,,,98.0
Finland,FIN,2004,98.0,,96.0,,97.0,,96.0,97.0,,,98.0
Finland,FIN,2005,98.0,,98.0,,97.0,,97.0,97.0,,,97.0
Finland,FIN,2006,98.0,,98.0,,97.0,,97.0,97.0,,,97.0
Finland,FIN,2007,,,97.0,,98.0,,97.0,98.0,,,99.0
Finland,FIN,2008,,,98.0,,97.0,,97.0,97.0,,,99.0
Finland,FIN,2009,,,98.0,,98.0,,99.0,98.0,,,99.0
Finland,FIN,2010,,,99.0,,98.0,92.0,99.0,98.0,93.0,,99.0
Finland,FIN,2011,,,99.0,,97.0,92.0,99.0,97.0,93.0,,99.0
Finland,FIN,2012,,,99.0,,97.0,92.0,99.0,97.0,93.0,,99.0
Finland,FIN,2013,,,98.0,,97.0,92.0,98.0,97.0,93.0,,98.0
Finland,FIN,2014,,,98.0,,96.0,92.0,98.0,96.0,92.0,,98.0
Finland,FIN,2015,,,97.0,99.0,95.0,92.0,97.0,95.0,91.0,,97.0
Finland,FIN,2016,,,92.0,99.0,94.0,87.0,92.0,94.0,84.0,,92.0
Finland,FIN,2017,,,89.0,98.0,94.0,85.0,89.0,94.0,80.0,,89.0
Finland,FIN,2018,,,91.0,99.0,96.0,88.0,91.0,96.0,82.0,,91.0
Finland,FIN,2019,,,91.0,98.0,96.0,89.0,91.0,96.0,83.0,,91.0
France,FRA,2000,83.0,26.0,86.0,,84.0,,98.0,84.0,,,97.0
France,FRA,2001,84.0,28.0,86.0,,85.0,,98.0,85.0,,,97.0
France,FRA,2002,85.0,29.0,87.0,,86.0,,97.0,86.0,,,97.0
France,FRA,2003,84.0,28.0,87.0,,87.0,,96.0,87.0,,,97.0
France,FRA,2004,85.0,35.0,97.0,,88.0,,99.0,88.0,,,98.0
France,FRA,2005,81.0,35.0,97.0,,87.0,,98.0,87.0,,,98.0
France,FRA,2006,83.0,39.0,97.0,,89.0,,99.0,89.0,,,99.0
France,FRA,2007,78.0,42.0,97.0,,90.0,,99.0,90.0,,,99.0
France,FRA,2008,,47.0,97.0,,89.0,,99.0,89.0,,,99.0
France,FRA,2009,,51.0,97.0,,89.0,,98.0,89.0,,,98.0
France,FRA,2010,,64.0,97.0,,89.0,89.0,99.0,89.0,,,99.0
France,FRA,2011,,74.0,98.0,,89.0,89.0,99.0,89.0,,,99.0
France,FRA,2012,,78.0,98.0,,91.0,89.0,99.0,91.0,,,99.0
France,FRA,2013,,82.0,98.0,,90.0,89.0,99.0,90.0,,,99.0
France,FRA,2014,,83.0,97.0,,91.0,89.0,98.0,91.0,,,98.0
France,FRA,2015,,88.0,96.0,99.0,91.0,91.0,97.0,91.0,,,97.0
France,FRA,2016,,90.0,95.0,99.0,90.0,92.0,96.0,90.0,,,96.0
France,FRA,2017,,90.0,95.0,99.0,90.0,92.0,96.0,90.0,,,96.0
France,FRA,2018,,91.0,95.0,99.0,90.0,92.0,96.0,90.0,,,96.0
France,FRA,2019,,91.0,95.0,99.0,92.0,92.0,96.0,92.0,,,96.0
Georgia,GEO,2000,95.0,55.0,,,73.0,,81.0,,,,80.0
Georgia,GEO,2001,94.0,61.0,,,74.0,,83.0,,,,87.0
Georgia,GEO,2002,91.0,51.0,,,75.0,,89.0,,,,84.0
Georgia,GEO,2003,87.0,48.0,,,76.0,,74.0,,,,75.0
Georgia,GEO,2004,91.0,64.0,,,86.0,,66.0,86.0,,,78.0
Georgia,GEO,2005,95.0,79.0,,,90.0,,82.0,90.0,,,82.0
Georgia,GEO,2006,95.0,84.0,,,96.0,,89.0,96.0,,,88.0
Georgia,GEO,2007,96.0,94.0,,,97.0,,88.0,97.0,,,98.0
Georgia,GEO,2008,95.0,89.0,,,97.0,,90.0,97.0,,,92.0
Georgia,GEO,2009,95.0,54.0,,,83.0,,93.0,83.0,,,88.0
Georgia,GEO,2010,96.0,95.0,67.0,,94.0,,88.0,94.0,,,92.0
Georgia,GEO,2011,96.0,89.0,94.0,,91.0,,88.0,91.0,,,94.0
Georgia,GEO,2012,95.0,92.0,92.0,,93.0,,93.0,93.0,,,92.0
Georgia,GEO,2013,95.0,96.0,96.0,,97.0,,94.0,97.0,41.0,,93.0
Georgia,GEO,2014,96.0,91.0,91.0,,92.0,,91.0,92.0,69.0,,91.0
Georgia,GEO,2015,96.0,94.0,87.0,10.0,96.0,16.0,91.0,96.0,72.0,,94.0
Georgia,GEO,2016,98.0,92.0,92.0,97.0,93.0,75.0,92.0,93.0,75.0,,92.0
Georgia,GEO,2017,96.0,91.0,91.0,98.0,95.0,80.0,91.0,95.0,76.0,,91.0
Georgia,GEO,2018,97.0,93.0,93.0,99.0,98.0,81.0,93.0,98.0,79.0,,93.0
Georgia,GEO,2019,96.0,94.0,94.0,99.0,99.0,84.0,94.0,99.0,81.0,,94.0
Germany,DEU,2000,,84.0,94.0,,92.0,,94.0,92.0,,,90.0
Germany,DEU,2001,,86.0,94.0,,94.0,,96.0,94.0,,,93.0
Germany,DEU,2002,,87.0,94.0,,94.0,,97.0,94.0,,,93.0
Germany,DEU,2003,,90.0,93.0,,95.0,,96.0,95.0,,,97.0
Germany,DEU,2004,,88.0,94.0,,96.0,,96.0,96.0,,,96.0
Germany,DEU,2005,,90.0,94.0,,96.0,,95.0,96.0,,,96.0
Germany,DEU,2006,,87.0,93.0,,96.0,,94.0,96.0,,,96.0
Germany,DEU,2007,,86.0,94.0,,97.0,,95.0,97.0,,,96.0
Germany,DEU,2008,,87.0,94.0,,97.0,68.0,95.0,97.0,,,96.0
Germany,DEU,2009,,88.0,94.0,,97.0,84.0,95.0,97.0,,,96.0
Germany,DEU,2010,,88.0,93.0,,97.0,85.0,94.0,97.0,,,96.0
Germany,DEU,2011,,87.0,93.0,,97.0,86.0,94.0,97.0,,,95.0
Germany,DEU,2012,,87.0,93.0,,97.0,84.0,94.0,97.0,,,95.0
Germany,DEU,2013,,87.0,92.0,,97.0,84.0,93.0,97.0,,,93.0
Germany,DEU,2014,,87.0,91.0,,97.0,82.0,93.0,97.0,67.0,,93.0
Germany,DEU,2015,,87.0,91.0,98.0,97.0,83.0,92.0,97.0,67.0,,93.0
Germany,DEU,2016,,88.0,90.0,98.0,97.0,82.0,91.0,97.0,67.0,,91.0
Germany,DEU,2017,,88.0,90.0,98.0,97.0,82.0,91.0,97.0,68.0,,91.0
Germany,DEU,2018,,88.0,90.0,98.0,97.0,82.0,91.0,97.0,67.0,,91.0
Germany,DEU,2019,,88.0,90.0,98.0,97.0,82.0,91.0,97.0,65.0,,91.0
Ghana,GHA,2000,99.0,,,,90.0,,88.0,,,74.0,88.0
Ghana,GHA,2001,94.0,,,,78.0,,81.0,,,87.0,79.0
Ghana,GHA,2002,92.0,80.0,80.0,,78.0,,80.0,,,82.0,78.0
Ghana,GHA,2003,92.0,80.0,80.0,,80.0,,80.0,,,77.0,80.0
Ghana,GHA,2004,92.0,80.0,80.0,,83.0,,81.0,,,81.0,80.0
Ghana,GHA,2005,99.0,84.0,84.0,,83.0,,85.0,,,82.0,84.0
Ghana,GHA,2006,99.0,84.0,84.0,,85.0,,84.0,,,84.0,84.0
Ghana,GHA,2007,99.0,94.0,94.0,,95.0,,94.0,,,94.0,94.0
Ghana,GHA,2008,99.0,93.0,93.0,,86.0,,92.0,,,86.0,93.0
Ghana,GHA,2009,99.0,94.0,94.0,,93.0,,94.0,,,93.0,94.0
Ghana,GHA,2010,99.0,94.0,94.0,,93.0,,94.0,,,93.0,94.0
Ghana,GHA,2011,98.0,91.0,91.0,,91.0,,91.0,,,91.0,91.0
Ghana,GHA,2012,98.0,92.0,92.0,,88.0,43.0,91.0,,49.0,88.0,92.0
Ghana,GHA,2013,98.0,90.0,90.0,,89.0,89.0,91.0,89.0,87.0,87.0,90.0
Ghana,GHA,2014,99.0,98.0,98.0,,92.0,99.0,94.0,92.0,98.0,92.0,98.0
Ghana,GHA,2015,97.0,88.0,88.0,,89.0,88.0,88.0,89.0,88.0,88.0,88.0
Ghana,GHA,2016,94.0,93.0,93.0,,89.0,93.0,95.0,89.0,94.0,88.0,93.0
Ghana,GHA,2017,99.0,99.0,99.0,,95.0,99.0,94.0,95.0,97.0,86.0,99.0
Ghana,GHA,2018,98.0,97.0,97.0,55.0,92.0,96.0,98.0,92.0,94.0,91.0,97.0
Ghana,GHA,2019,96.0,97.0,97.0,97.0,92.0,97.0,97.0,92.0,93.0,92.0,97.0
Greece,GRC,2000,,89.0,87.0,,89.0,,89.0,89.0,,,89.0
Greece,GRC,2001,,90.0,87.0,,91.0,,90.0,91.0,,,91.0
Greece,GRC,2002,,91.0,86.0,,92.0,,92.0,92.0,,,92.0
Greece,GRC,2003,,92.0,86.0,,94.0,,93.0,94.0,,,94.0
Greece,GRC,2004,,92.0,85.0,,95.0,,95.0,95.0,,,95.0
Greece,GRC,2005,,93.0,84.0,,96.0,,96.0,96.0,,,96.0
Greece,GRC,2006,,94.0,84.0,,98.0,,98.0,98.0,,,98.0
Greece,GRC,2007,,95.0,83.0,,99.0,,99.0,99.0,,,99.0
Greece,GRC,2008,,95.0,83.0,,99.0,,99.0,99.0,,,99.0
Greece,GRC,2009,,95.0,83.0,,99.0,,99.0,99.0,,,99.0
Greece,GRC,2010,,95.0,83.0,,99.0,,99.0,99.0,,,99.0
Greece,GRC,2011,,95.0,83.0,,99.0,,99.0,99.0,,,99.0
Greece,GRC,2012,,98.0,94.0,,99.0,32.0,99.0,99.0,,,99.0
Greece,GRC,2013,,98.0,94.0,,99.0,32.0,99.0,99.0,,,99.0
Greece,GRC,2014,,96.0,99.0,,97.0,96.0,99.0,97.0,20.0,,99.0
Greece,GRC,2015,,96.0,99.0,99.0,97.0,96.0,99.0,97.0,20.0,,99.0
Greece,GRC,2016,,96.0,99.0,99.0,97.0,96.0,99.0,97.0,20.0,,99.0
Greece,GRC,2017,,96.0,99.0,99.0,97.0,96.0,99.0,97.0,20.0,,99.0
Greece,GRC,2018,,96.0,99.0,99.0,97.0,96.0,99.0,97.0,20.0,,99.0
Greece,GRC,2019,,96.0,99.0,99.0,97.0,96.0,99.0,97.0,20.0,,99.0
Guatemala,GTM,2000,95.0,,,,86.0,,80.0,,,,81.0
Guatemala,GTM,2001,93.0,,,,91.0,,78.0,91.0,,,77.0
Guatemala,GTM,2002,96.0,,,,92.0,,82.0,92.0,,,82.0
Guatemala,GTM,2003,97.0,,,,94.0,,84.0,94.0,,,84.0
Guatemala,GTM,2004,98.0,,,,95.0,,88.0,95.0,,,87.0
Guatemala,GTM,2005,96.0,87.0,87.0,,93.0,,87.0,93.0,,,87.0
Guatemala,GTM,2006,96.0,89.0,89.0,,95.0,,90.0,95.0,,,89.0
Guatemala,GTM,2007,88.0,85.0,85.0,,86.0,,85.0,86.0,,,85.0
Guatemala,GTM,2008,99.0,95.0,95.0,,96.0,,96.0,96.0,,,95.0
Guatemala,GTM,2009,93.0,92.0,92.0,,92.0,,92.0,92.0,,,92.0
Guatemala,GTM,2010,99.0,94.0,94.0,,93.0,,94.0,93.0,38.0,,94.0
Guatemala,GTM,2011,91.0,88.0,88.0,,89.0,,88.0,89.0,71.0,,88.0
Guatemala,GTM,2012,94.0,96.0,96.0,,93.0,,94.0,93.0,81.0,,96.0
Guatemala,GTM,2013,99.0,96.0,96.0,,91.0,72.0,83.0,91.0,81.0,,96.0
Guatemala,GTM,2014,93.0,74.0,74.0,,68.0,62.0,55.0,68.0,73.0,,74.0
Guatemala,GTM,2015,92.0,70.0,70.0,,79.0,80.0,69.0,79.0,75.0,,70.0
Guatemala,GTM,2016,91.0,83.0,83.0,95.0,89.0,90.0,73.0,89.0,84.0,,83.0
Guatemala,GTM,2017,93.0,91.0,91.0,98.0,94.0,93.0,79.0,94.0,88.0,,91.0
Guatemala,GTM,2018,88.0,85.0,85.0,94.0,89.0,90.0,74.0,89.0,87.0,,85.0
Guatemala,GTM,2019,86.0,85.0,85.0,90.0,90.0,88.0,73.0,90.0,86.0,,85.0
Guinea-Bissau,GNB,2000,77.0,,,,71.0,,52.0,,,,49.0
Guinea-Bissau,GNB,2001,79.0,,,,72.0,,56.0,,,,53.0
Guinea-Bissau,GNB,2002,82.0,,,,73.0,,60.0,,,,57.0
Guinea-Bissau,GNB,2003,84.0,,,,74.0,,65.0,,,,60.0
Guinea-Bissau,GNB,2004,87.0,,,,75.0,,69.0,,,,64.0
Guinea-Bissau,GNB,2005,89.0,,,,76.0,,73.0,,,,68.0
Guinea-Bissau,GNB,2006,90.0,,,,74.0,,74.0,,,,71.0
Guinea-Bissau,GNB,2007,92.0,,,,73.0,,76.0,,,,74.0
Guinea-Bissau,GNB,2008,93.0,,,,71.0,,77.0,,,37.0,77.0
Guinea-Bissau,GNB,2009,94.0,80.0,80.0,,69.0,,78.0,,,69.0,80.0
Guinea-Bissau,GNB,2010,93.0,82.0,86.0,,76.0,,82.0,,,74.0,83.0
Guinea-Bissau,GNB,2011,92.0,89.0,89.0,,83.0,,85.0,,,78.0,86.0
Guinea-Bissau,GNB,2012,94.0,87.0,87.0,,81.0,,87.0,,,75.0,87.0
Guinea-Bissau,GNB,2013,93.0,87.0,87.0,,81.0,,86.0,,,75.0,87.0
Guinea-Bissau,GNB,2014,93.0,86.0,86.0,,81.0,,84.0,,,53.0,86.0
Guinea-Bissau,GNB,2015,92.0,86.0,86.0,,80.0,10.0,83.0,,,75.0,86.0
Guinea-Bissau,GNB,2016,91.0,85.0,85.0,30.0,80.0,83.0,81.0,,61.0,80.0,85.0
Guinea-Bissau,GNB,2017,87.0,79.0,79.0,17.0,66.0,79.0,79.0,,82.0,72.0,79.0
Guinea-Bissau,GNB,2018,89.0,82.0,82.0,3.0,79.0,82.0,82.0,,85.0,80.0,82.0
Guinea-Bissau,GNB,2019,84.0,78.0,78.0,77.0,79.0,78.0,60.0,,81.0,79.0,78.0
Guyana,GUY,2000,93.0,,,,86.0,,79.0,86.0,,83.0,88.0
Guyana,GUY,2001,95.0,85.0,85.0,,92.0,,90.0,92.0,,90.0,85.0
Guyana,GUY,2002,91.0,91.0,91.0,,93.0,,93.0,93.0,,90.0,91.0
Guyana,GUY,2003,95.0,90.0,90.0,,89.0,,91.0,89.0,,89.0,90.0
Guyana,GUY,2004,94.0,91.0,91.0,,88.0,,91.0,88.0,,89.0,91.0
Guyana,GUY,2005,96.0,93.0,93.0,,92.0,,93.0,92.0,,91.0,93.0
Guyana,GUY,2006,96.0,93.0,93.0,,90.0,,92.0,90.0,,90.0,93.0
Guyana,GUY,2007,97.0,94.0,94.0,,96.0,,94.0,96.0,,96.0,94.0
Guyana,GUY,2008,96.0,93.0,93.0,,95.0,,93.0,95.0,,97.0,93.0
Guyana,GUY,2009,98.0,98.0,98.0,,97.0,,97.0,97.0,,97.0,98.0
Guyana,GUY,2010,98.0,95.0,95.0,,95.0,,95.0,95.0,39.0,94.0,95.0
Guyana,GUY,2011,97.0,93.0,93.0,,98.0,50.0,93.0,98.0,77.0,97.0,93.0
Guyana,GUY,2012,98.0,97.0,97.0,,99.0,90.0,97.0,99.0,91.0,99.0,97.0
Guyana,GUY,2013,98.0,98.0,98.0,,99.0,96.0,98.0,99.0,94.0,99.0,98.0
Guyana,GUY,2014,99.0,98.0,98.0,,99.0,97.0,97.0,99.0,95.0,99.0,98.0
Guyana,GUY,2015,99.0,95.0,95.0,31.0,99.0,94.0,92.0,99.0,96.0,99.0,95.0
Guyana,GUY,2016,95.0,97.0,97.0,98.0,99.0,92.0,94.0,99.0,96.0,99.0,97.0
Guyana,GUY,2017,97.0,97.0,97.0,94.0,99.0,97.0,94.0,99.0,97.0,99.0,97.0
Guyana,GUY,2018,99.0,95.0,95.0,97.0,98.0,91.0,94.0,98.0,91.0,96.0,95.0
Guyana,GUY,2019,99.0,99.0,99.0,99.0,98.0,98.0,97.0,98.0,99.0,94.0,99.0
Haiti,HTI,2000,72.0,,,,55.0,,50.0,,,,43.0
Haiti,HTI,2001,72.0,,,,55.0,,52.0,,,,46.0
Haiti,HTI,2002,73.0,,,,56.0,,54.0,,,,50.0
Haiti,HTI,2003,74.0,,,,57.0,,56.0,,,,53.0
Haiti,HTI,2004,74.0,,,,57.0,,58.0,,,,57.0
Haiti,HTI,2005,75.0,,,,58.0,,60.0,,,,60.0
Haiti,HTI,2006,75.0,,,,59.0,,61.0,,,,62.0
Haiti,HTI,2007,78.0,,,,60.0,,62.0,,,,64.0
Haiti,HTI,2008,78.0,,,,62.0,,64.0,62.0,,,64.0
Haiti,HTI,2009,80.0,,,,63.0,,65.0,63.0,,,65.0
Haiti,HTI,2010,82.0,,,,64.0,,66.0,64.0,,,67.0
Haiti,HTI,2011,83.0,,,,65.0,,67.0,65.0,,,68.0
Haiti,HTI,2012,82.0,,,,66.0,,66.0,66.0,,,66.0
Haiti,HTI,2013,82.0,68.0,68.0,,68.0,,64.0,68.0,,,65.0
Haiti,HTI,2014,81.0,63.0,63.0,,69.0,,63.0,69.0,23.0,,63.0
Haiti,HTI,2015,83.0,64.0,64.0,,69.0,,64.0,69.0,58.0,,64.0
Haiti,HTI,2016,83.0,64.0,64.0,45.0,69.0,,64.0,69.0,58.0,,64.0
Haiti,HTI,2017,83.0,64.0,64.0,66.0,69.0,,64.0,69.0,58.0,,64.0
Haiti,HTI,2018,83.0,64.0,64.0,78.0,69.0,12.0,64.0,69.0,58.0,,64.0
Haiti,HTI,2019,73.0,51.0,51.0,75.0,65.0,42.0,51.0,65.0,48.0,,51.0
Honduras,HND,2000,99.0,93.0,93.0,,98.0,,88.0,98.0,,,94.0
Honduras,HND,2001,99.0,95.0,95.0,,99.0,,99.0,99.0,,,96.0
Honduras,HND,2002,94.0,94.0,94.0,,97.0,,95.0,97.0,,,95.0
Honduras,HND,2003,91.0,91.0,91.0,,95.0,,92.0,95.0,,,92.0
Honduras,HND,2004,98.0,93.0,93.0,,92.0,,94.0,92.0,,,94.0
Honduras,HND,2005,98.0,97.0,97.0,,96.0,,98.0,96.0,,,98.0
Honduras,HND,2006,97.0,94.0,94.0,,95.0,,94.0,95.0,,,95.0
Honduras,HND,2007,99.0,93.0,93.0,,94.0,,94.0,94.0,,,94.0
Honduras,HND,2008,99.0,92.0,92.0,,93.0,,93.0,93.0,,,93.0
Honduras,HND,2009,99.0,97.0,97.0,,98.0,,97.0,98.0,81.0,,97.0
Honduras,HND,2010,99.0,97.0,97.0,,98.0,,97.0,98.0,97.0,,97.0
Honduras,HND,2011,99.0,97.0,97.0,,97.0,78.0,97.0,97.0,97.0,,97.0
Honduras,HND,2012,98.0,98.0,98.0,,97.0,97.0,98.0,97.0,98.0,,98.0
Honduras,HND,2013,97.0,99.0,99.0,,97.0,99.0,99.0,97.0,98.0,,99.0
Honduras,HND,2014,96.0,99.0,99.0,,97.0,99.0,99.0,97.0,99.0,,99.0
Honduras,HND,2015,94.0,98.0,98.0,9.0,98.0,99.0,98.0,98.0,99.0,,98.0
Honduras,HND,2016,93.0,95.0,95.0,94.0,98.0,94.0,95.0,98.0,96.0,,95.0
Honduras,HND,2017,92.0,90.0,90.0,92.0,98.0,90.0,90.0,98.0,91.0,,90.0
Honduras,HND,2018,93.0,91.0,91.0,93.0,91.0,91.0,91.0,91.0,92.0,,91.0
Honduras,HND,2019,87.0,88.0,88.0,89.0,89.0,88.0,88.0,89.0,89.0,,88.0
Hungary,HUN,2000,99.0,,99.0,,99.0,,99.0,99.0,,,99.0
Hungary,HUN,2001,99.0,,99.0,,99.0,,99.0,99.0,,,99.0
Hungary,HUN,2002,99.0,,99.0,,99.0,,98.0,99.0,,,99.0
Hungary,HUN,2003,99.0,,99.0,,99.0,,99.0,99.0,,,99.0
Hungary,HUN,2004,99.0,,99.0,,99.0,,99.0,99.0,,,99.0
Hungary,HUN,2005,99.0,,99.0,,99.0,,99.0,99.0,,,99.0
Hungary,HUN,2006,99.0,,99.0,,99.0,,99.0,99.0,,,99.0
Hungary,HUN,2007,99.0,,99.0,,99.0,,99.0,99.0,,,99.0
Hungary,HUN,2008,99.0,,99.0,,99.0,,99.0,99.0,,,99.0
Hungary,HUN,2009,99.0,,99.0,,99.0,,99.0,99.0,,,99.0
Hungary,HUN,2010,99.0,,99.0,,99.0,,99.0,99.0,,,99.0
Hungary,HUN,2011,99.0,,99.0,,99.0,84.0,99.0,99.0,,,99.0
Hungary,HUN,2012,99.0,,99.0,,99.0,90.0,99.0,99.0,,,99.0
Hungary,HUN,2013,99.0,,99.0,,99.0,92.0,99.0,99.0,,,99.0
Hungary,HUN,2014,99.0,,99.0,,99.0,93.0,99.0,99.0,,,99.0
Hungary,HUN,2015,99.0,,99.0,99.0,99.0,94.0,99.0,99.0,,,99.0
Hungary,HUN,2016,99.0,,99.0,99.0,99.0,98.0,99.0,99.0,,,99.0
Hungary,HUN,2017,99.0,,99.0,99.0,99.0,99.0,99.0,99.0,,,99.0
Hungary,HUN,2018,99.0,,99.0,99.0,99.0,99.0,99.0,99.0,,,99.0
Hungary,HUN,2019,99.0,,99.0,99.0,99.0,99.0,99.0,99.0,,,99.0
Iceland,ISL,2000,,,98.0,,91.0,,98.0,91.0,,,98.0
Iceland,ISL,2001,,,92.0,,88.0,,92.0,88.0,,,92.0
Iceland,ISL,2002,,,95.0,,91.0,,95.0,91.0,,,95.0
Iceland,ISL,2003,,,97.0,,93.0,,97.0,93.0,,,97.0
Iceland,ISL,2004,,,99.0,,93.0,,99.0,93.0,,,99.0
Iceland,ISL,2005,,,95.0,,90.0,,95.0,90.0,,,95.0
Iceland,ISL,2006,,,97.0,,95.0,,97.0,95.0,,,97.0
Iceland,ISL,2007,,,97.0,,95.0,,97.0,95.0,,,97.0
Iceland,ISL,2008,,,98.0,,96.0,,98.0,96.0,,,98.0
Iceland,ISL,2009,,,96.0,,92.0,,96.0,92.0,,,96.0
Iceland,ISL,2010,,,96.0,,93.0,,96.0,93.0,,,96.0
Iceland,ISL,2011,,,95.0,,94.0,,95.0,94.0,,,95.0
Iceland,ISL,2012,,,89.0,,90.0,86.0,89.0,90.0,,,89.0
Iceland,ISL,2013,,,91.0,,91.0,88.0,91.0,91.0,,,91.0
Iceland,ISL,2014,,,90.0,,90.0,90.0,90.0,90.0,,,90.0
Iceland,ISL,2015,,,92.0,96.0,93.0,91.0,92.0,93.0,,,92.0
Iceland,ISL,2016,,,91.0,96.0,91.0,90.0,91.0,91.0,,,91.0
Iceland,ISL,2017,,,89.0,97.0,92.0,88.0,89.0,92.0,,,89.0
Iceland,ISL,2018,,,91.0,97.0,93.0,90.0,91.0,93.0,,,91.0
Iceland,ISL,2019,,,93.0,95.0,93.0,92.0,93.0,93.0,,,92.0
India,IND,2000,74.0,,,,56.0,,57.0,,,,58.0
India,IND,2001,75.0,,,,57.0,,58.0,,,,59.0
India,IND,2002,75.0,,,,56.0,,58.0,,,,59.0
India,IND,2003,77.0,,,,60.0,,57.0,,,,61.0
India,IND,2004,80.0,6.0,,,64.0,,58.0,,,,63.0
India,IND,2005,86.0,8.0,,,68.0,,65.0,,,,65.0
India,IND,2006,86.0,6.0,,,69.0,,66.0,,,,65.0
India,IND,2007,87.0,6.0,,,70.0,,67.0,,,,64.0
India,IND,2008,86.0,29.0,,,72.0,,69.0,,,,70.0
India,IND,2009,88.0,37.0,,,78.0,,73.0,,,,74.0
India,IND,2010,89.0,38.0,,,82.0,,76.0,,,,79.0
India,IND,2011,90.0,44.0,,,84.0,,79.0,,,,82.0
India,IND,2012,90.0,73.0,,,83.0,,79.0,,,,82.0
India,IND,2013,91.0,70.0,20.0,,83.0,,82.0,,,,83.0
India,IND,2014,89.0,79.0,20.0,,85.0,,84.0,,,,85.0
India,IND,2015,87.0,87.0,45.0,1.0,87.0,,86.0,,,,87.0
India,IND,2016,89.0,88.0,80.0,47.0,88.0,,86.0,,4.0,,88.0
India,IND,2017,92.0,89.0,89.0,50.0,90.0,,89.0,6.0,13.0,,89.0
India,IND,2018,92.0,90.0,90.0,75.0,93.0,6.0,90.0,93.0,35.0,,90.0
India,IND,2019,92.0,91.0,91.0,82.0,95.0,15.0,90.0,95.0,53.0,,91.0
Indonesia,IDN,2000,81.0,65.0,,,76.0,,72.0,,,,75.0
Indonesia,IDN,2001,80.0,62.0,,,76.0,,77.0,,,,76.0
Indonesia,IDN,2002,82.0,63.0,,,72.0,,80.0,,,,70.0
Indonesia,IDN,2003,83.0,64.0,,,74.0,,80.0,,,,71.0
Indonesia,IDN,2004,85.0,64.0,,,76.0,,79.0,,,,71.0
Indonesia,IDN,2005,86.0,65.0,,,77.0,,79.0,,,,72.0
Indonesia,IDN,2006,88.0,66.0,,,79.0,,78.0,,,,72.0
Indonesia,IDN,2007,83.0,76.0,,,76.0,,77.0,,,,73.0
Indonesia,IDN,2008,80.0,82.0,,,76.0,,83.0,,,,77.0
Indonesia,IDN,2009,78.0,82.0,,,74.0,,85.0,,,,78.0
Indonesia,IDN,2010,88.0,83.0,,,78.0,,82.0,,,,81.0
Indonesia,IDN,2011,98.0,81.0,,,80.0,,81.0,,,,81.0
Indonesia,IDN,2012,88.0,86.0,,,82.0,,87.0,,,,87.0
Indonesia,IDN,2013,90.0,92.0,4.0,,87.0,,92.0,,,,92.0
Indonesia,IDN,2014,90.0,88.0,30.0,,86.0,,90.0,,,,88.0
Indonesia,IDN,2015,90.0,84.0,84.0,,87.0,,85.0,,,,84.0
Indonesia,IDN,2016,90.0,84.0,84.0,2.0,88.0,,85.0,,,,84.0
Indonesia,IDN,2017,93.0,85.0,85.0,47.0,90.0,,88.0,15.0,,,85.0
Indonesia,IDN,2018,92.0,85.0,85.0,62.0,89.0,0.0,87.0,40.0,,,85.0
Indonesia,IDN,2019,90.0,85.0,85.0,76.0,88.0,3.0,85.0,88.0,,,85.0
"Iran, Islamic Republic of",IRN,2000,99.0,99.0,,,99.0,,99.0,,,,99.0
"Iran, Islamic Republic of",IRN,2001,91.0,94.0,,,96.0,,95.0,,,,96.0
"Iran, Islamic Republic of",IRN,2002,97.0,99.0,,,99.0,,99.0,,,,99.0
"Iran, Islamic Republic of",IRN,2003,99.0,98.0,,,99.0,,99.0,,,,99.0
"Iran, Islamic Republic of",IRN,2004,99.0,95.0,,,96.0,,98.0,96.0,,,99.0
"Iran, Islamic Republic of",IRN,2005,99.0,94.0,,,94.0,,95.0,94.0,,,95.0
"Iran, Islamic Republic of",IRN,2006,99.0,98.0,,,99.0,,99.0,99.0,,,98.0
"Iran, Islamic Republic of",IRN,2007,99.0,97.0,,,97.0,,98.0,97.0,,,99.0
"Iran, Islamic Republic of",IRN,2008,99.0,99.0,,,98.0,,99.0,98.0,,,99.0
"Iran, Islamic Republic of",IRN,2009,99.0,99.0,,,99.0,,99.0,99.0,,,99.0
"Iran, Islamic Republic of",IRN,2010,99.0,99.0,,,99.0,,99.0,99.0,,,99.0
"Iran, Islamic Republic of",IRN,2011,99.0,99.0,,,99.0,,99.0,99.0,,,99.0
"Iran, Islamic Republic of",IRN,2012,99.0,98.0,,,98.0,,99.0,98.0,,,99.0
"Iran, Islamic Republic of",IRN,2013,99.0,99.0,,,98.0,,98.0,98.0,,,98.0
"Iran, Islamic Republic of",IRN,2014,99.0,99.0,,,99.0,,99.0,99.0,,,99.0
"Iran, Islamic Republic of",IRN,2015,99.0,98.0,98.0,,99.0,,98.0,99.0,,,98.0
"Iran, Islamic Republic of",IRN,2016,99.0,99.0,99.0,,99.0,,99.0,99.0,,,99.0
"Iran, Islamic Republic of",IRN,2017,99.0,99.0,99.0,,99.0,,99.0,99.0,,,99.0
"Iran, Islamic Republic of",IRN,2018,99.0,99.0,99.0,43.0,99.0,,99.0,99.0,,,99.0
"Iran, Islamic Republic of",IRN,2019,99.0,99.0,99.0,99.0,99.0,,99.0,99.0,,,99.0
Iraq,IRQ,2000,93.0,67.0,,,86.0,,83.0,,,,80.0
Iraq,IRQ,2001,93.0,66.0,,,82.0,,80.0,52.0,,,78.0
Iraq,IRQ,2002,94.0,65.0,,,77.0,,76.0,48.0,,,77.0
Iraq,IRQ,2003,94.0,63.0,,,73.0,,73.0,45.0,,,75.0
Iraq,IRQ,2004,94.0,62.0,,,69.0,,69.0,41.0,,,74.0
Iraq,IRQ,2005,92.0,65.0,,,69.0,,69.0,58.0,,,65.0
Iraq,IRQ,2006,89.0,59.0,,,62.0,,63.0,52.0,,,59.0
Iraq,IRQ,2007,92.0,56.0,,,64.0,,74.0,64.0,,,57.0
Iraq,IRQ,2008,87.0,66.0,,,75.0,,71.0,76.0,,,69.0
Iraq,IRQ,2009,92.0,75.0,,,81.0,,78.0,87.0,,,78.0
Iraq,IRQ,2010,90.0,72.0,,,75.0,,74.0,77.0,,,74.0
Iraq,IRQ,2011,94.0,78.0,,,80.0,,82.0,77.0,,,81.0
Iraq,IRQ,2012,99.0,65.0,36.0,,74.0,,73.0,68.0,31.0,,72.0
Iraq,IRQ,2013,99.0,68.0,68.0,,73.0,,75.0,57.0,52.0,,73.0
Iraq,IRQ,2014,99.0,69.0,70.0,,70.0,,76.0,67.0,30.0,,73.0
Iraq,IRQ,2015,94.0,68.0,68.0,,71.0,,72.0,76.0,43.0,,68.0
Iraq,IRQ,2016,87.0,71.0,71.0,,79.0,,76.0,75.0,52.0,,71.0
Iraq,IRQ,2017,92.0,81.0,81.0,89.0,81.0,33.0,82.0,84.0,63.0,,81.0
Iraq,IRQ,2018,95.0,86.0,86.0,94.0,85.0,33.0,74.0,83.0,60.0,,86.0
Iraq,IRQ,2019,98.0,84.0,84.0,93.0,82.0,37.0,85.0,86.0,5.0,,84.0
Ireland,IRL,2000,89.0,,85.0,,79.0,,86.0,79.0,,,86.0
Ireland,IRL,2001,89.0,,84.0,,73.0,,84.0,73.0,,,84.0
Ireland,IRL,2002,90.0,,83.0,,73.0,,83.0,73.0,,,83.0
Ireland,IRL,2003,90.0,,86.0,,78.0,,86.0,78.0,,,86.0
Ireland,IRL,2004,30.0,,89.0,,81.0,,89.0,81.0,,,89.0
Ireland,IRL,2005,31.0,,90.0,,84.0,,90.0,84.0,,,90.0
Ireland,IRL,2006,31.0,,91.0,,86.0,,91.0,86.0,,,91.0
Ireland,IRL,2007,33.0,,92.0,,87.0,,92.0,87.0,,,92.0
Ireland,IRL,2008,34.0,,93.0,,89.0,,93.0,89.0,,,93.0
Ireland,IRL,2009,30.0,,93.0,,90.0,,94.0,90.0,,,94.0
Ireland,IRL,2010,30.0,46.0,94.0,,90.0,43.0,94.0,90.0,,,94.0
Ireland,IRL,2011,41.0,95.0,95.0,,92.0,90.0,95.0,92.0,,,95.0
Ireland,IRL,2012,42.0,95.0,95.0,,92.0,91.0,95.0,92.0,,,95.0
Ireland,IRL,2013,76.0,95.0,95.0,,93.0,91.0,96.0,93.0,,,96.0
Ireland,IRL,2014,74.0,95.0,96.0,,93.0,92.0,96.0,93.0,,,96.0
Ireland,IRL,2015,77.0,95.0,95.0,98.0,93.0,92.0,95.0,93.0,,,95.0
Ireland,IRL,2016,18.0,95.0,95.0,98.0,92.0,91.0,95.0,92.0,,,95.0
Ireland,IRL,2017,0.0,95.0,95.0,98.0,92.0,91.0,95.0,92.0,89.0,,95.0
Ireland,IRL,2018,0.0,94.0,94.0,98.0,92.0,90.0,94.0,92.0,89.0,,94.0
Ireland,IRL,2019,0.0,93.0,94.0,98.0,91.0,86.0,94.0,91.0,89.0,,94.0
Israel,ISR,2000,,98.0,93.0,,95.0,,93.0,95.0,,,93.0
Israel,ISR,2001,,96.0,94.0,,95.0,,93.0,95.0,,,92.0
Israel,ISR,2002,,98.0,91.0,,95.0,,91.0,95.0,,,90.0
Israel,ISR,2003,,98.0,93.0,,96.0,,93.0,96.0,,,93.0
Israel,ISR,2004,,99.0,95.0,,97.0,,95.0,97.0,,,95.0
Israel,ISR,2005,,96.0,93.0,,94.0,,95.0,94.0,,,93.0
Israel,ISR,2006,,96.0,94.0,,96.0,,94.0,96.0,,,95.0
Israel,ISR,2007,,99.0,95.0,,97.0,,95.0,97.0,,,95.0
Israel,ISR,2008,,99.0,94.0,,98.0,,94.0,98.0,,,94.0
Israel,ISR,2009,,98.0,96.0,,97.0,,96.0,97.0,,,96.0
Israel,ISR,2010,,97.0,95.0,,96.0,,95.0,96.0,,,95.0
Israel,ISR,2011,,98.0,94.0,,97.0,92.0,94.0,97.0,,,94.0
Israel,ISR,2012,,97.0,94.0,,96.0,93.0,94.0,96.0,82.0,,94.0
Israel,ISR,2013,,97.0,96.0,,98.0,94.0,96.0,98.0,80.0,,96.0
Israel,ISR,2014,,97.0,95.0,,97.0,94.0,95.0,97.0,81.0,,95.0
Israel,ISR,2015,,96.0,95.0,95.0,98.0,94.0,95.0,98.0,80.0,,95.0
Israel,ISR,2016,,95.0,94.0,94.0,97.0,93.0,94.0,97.0,81.0,,94.0
Israel,ISR,2017,,97.0,98.0,99.0,98.0,94.0,98.0,98.0,81.0,,98.0
Israel,ISR,2018,,96.0,98.0,99.0,98.0,95.0,98.0,98.0,81.0,,98.0
Israel,ISR,2019,,96.0,98.0,99.0,99.0,95.0,98.0,99.0,80.0,,98.0
Italy,ITA,2000,,94.0,55.0,,74.0,,97.0,74.0,,,87.0
Italy,ITA,2001,,95.0,70.0,,77.0,,96.0,77.0,,,93.0
Italy,ITA,2002,,95.0,83.0,,81.0,,96.0,81.0,,,93.0
Italy,ITA,2003,,95.0,90.0,,84.0,,97.0,84.0,,,96.0
Italy,ITA,2004,,96.0,94.0,,86.0,,97.0,86.0,,,94.0
Italy,ITA,2005,,96.0,95.0,,87.0,,97.0,87.0,,,95.0
Italy,ITA,2006,,96.0,96.0,,88.0,,97.0,88.0,,,96.0
Italy,ITA,2007,,97.0,96.0,,90.0,,97.0,90.0,,,97.0
Italy,ITA,2008,,96.0,96.0,,90.0,60.0,96.0,90.0,,,96.0
Italy,ITA,2009,,96.0,96.0,,90.0,66.0,96.0,90.0,,,96.0
Italy,ITA,2010,,96.0,95.0,,91.0,71.0,96.0,91.0,,,96.0
Italy,ITA,2011,,96.0,96.0,,90.0,76.0,96.0,90.0,,,96.0
Italy,ITA,2012,,96.0,96.0,,90.0,82.0,96.0,90.0,,,97.0
Italy,ITA,2013,,96.0,95.0,,90.0,87.0,96.0,90.0,,,96.0
Italy,ITA,2014,,95.0,94.0,,87.0,87.0,95.0,87.0,,,95.0
Italy,ITA,2015,,93.0,93.0,95.0,85.0,89.0,93.0,85.0,,,93.0
Italy,ITA,2016,,93.0,93.0,95.0,87.0,88.0,93.0,87.0,,,94.0
Italy,ITA,2017,,94.0,94.0,95.0,92.0,91.0,95.0,92.0,14.0,,95.0
Italy,ITA,2018,,95.0,94.0,95.0,93.0,92.0,95.0,93.0,19.0,,95.0
Italy,ITA,2019,,95.0,95.0,95.0,94.0,92.0,96.0,94.0,61.0,,96.0
Jamaica,JAM,2000,94.0,,,,88.0,,95.0,88.0,,,93.0
Jamaica,JAM,2001,96.0,,,,85.0,,99.0,85.0,,,99.0
Jamaica,JAM,2002,90.0,,,,86.0,,99.0,86.0,,,99.0
Jamaica,JAM,2003,88.0,36.0,35.0,,78.0,,99.0,78.0,,,96.0
Jamaica,JAM,2004,90.0,98.0,98.0,,86.0,,97.0,86.0,,,98.0
Jamaica,JAM,2005,95.0,99.0,99.0,,84.0,,99.0,84.0,,,99.0
Jamaica,JAM,2006,90.0,97.0,97.0,,87.0,,99.0,87.0,,,95.0
Jamaica,JAM,2007,87.0,92.0,91.0,,76.0,,94.0,76.0,,,92.0
Jamaica,JAM,2008,92.0,92.0,91.0,,88.0,,91.0,88.0,,,91.0
Jamaica,JAM,2009,94.0,90.0,90.0,,88.0,,90.0,88.0,,,90.0
Jamaica,JAM,2010,95.0,94.0,94.0,,89.0,,94.0,89.0,,,94.0
Jamaica,JAM,2011,95.0,92.0,91.0,,88.0,,93.0,88.0,,,92.0
Jamaica,JAM,2012,95.0,96.0,96.0,,93.0,,96.0,93.0,,,96.0
Jamaica,JAM,2013,93.0,93.0,93.0,,94.0,,86.0,94.0,,,93.0
Jamaica,JAM,2014,90.0,92.0,92.0,,92.0,,93.0,92.0,,,92.0
Jamaica,JAM,2015,99.0,91.0,91.0,33.0,91.0,,91.0,91.0,,,91.0
Jamaica,JAM,2016,96.0,98.0,99.0,95.0,95.0,,99.0,95.0,,,99.0
Jamaica,JAM,2017,93.0,93.0,93.0,95.0,95.0,,93.0,95.0,,,93.0
Jamaica,JAM,2018,93.0,97.0,98.0,95.0,89.0,,98.0,89.0,,,97.0
Jamaica,JAM,2019,97.0,96.0,96.0,97.0,94.0,,96.0,94.0,,,96.0
Japan,JPN,2007,94.0,,,,96.0,,97.0,96.0,,,98.0
Japan,JPN,2008,90.0,,,,95.0,,98.0,95.0,,,98.0
Japan,JPN,2009,94.0,,,,94.0,,99.0,94.0,,,97.0
Japan,JPN,2010,99.0,,,,94.0,,98.0,94.0,,,97.0
Japan,JPN,2011,94.0,,99.0,,94.0,98.0,96.0,94.0,,,97.0
Japan,JPN,2012,95.0,,99.0,,96.0,98.0,99.0,96.0,,,97.0
Japan,JPN,2013,93.0,,99.0,,95.0,98.0,99.0,95.0,,,96.0
Japan,JPN,2014,93.0,,99.0,,98.0,98.0,99.0,98.0,,,96.0
Japan,JPN,2015,84.0,,96.0,96.0,96.0,96.0,99.0,96.0,,,96.0
Japan,JPN,2016,98.0,,99.0,99.0,96.0,99.0,99.0,96.0,,,99.0
Japan,JPN,2017,93.0,,99.0,99.0,97.0,99.0,97.0,97.0,,,99.0
Japan,JPN,2018,99.0,,99.0,99.0,97.0,98.0,98.0,97.0,,,98.0
Japan,JPN,2019,97.0,99.0,98.0,98.0,96.0,97.0,98.0,96.0,,,98.0
Japan,JPN,2000,,,,,96.0,,98.0,96.0,,,85.0
Japan,JPN,2001,,,,,98.0,,81.0,98.0,,,95.0
Japan,JPN,2002,,,,,98.0,,89.0,98.0,,,96.0
Japan,JPN,2003,,,,,98.0,,97.0,98.0,,,97.0
Japan,JPN,2004,,,,,98.0,,97.0,98.0,,,99.0
Japan,JPN,2005,,,,,98.0,,95.0,98.0,,,98.0
Japan,JPN,2006,,,,,97.0,,95.0,97.0,,,98.0
Jordan,JOR,2002,29.0,95.0,95.0,,95.0,,95.0,90.0,,,95.0
Jordan,JOR,2003,67.0,97.0,97.0,,96.0,,97.0,91.0,,,97.0
Jordan,JOR,2004,58.0,95.0,95.0,,99.0,,95.0,98.0,,,95.0
Jordan,JOR,2005,89.0,95.0,95.0,,95.0,,95.0,92.0,,,95.0
Jordan,JOR,2006,95.0,98.0,98.0,,99.0,,98.0,88.0,,,98.0
Jordan,JOR,2007,90.0,98.0,98.0,,95.0,,98.0,97.0,,,98.0
Jordan,JOR,2008,95.0,97.0,97.0,,95.0,,98.0,90.0,,,97.0
Jordan,JOR,2009,95.0,98.0,98.0,,95.0,,98.0,90.0,,,98.0
Jordan,JOR,2010,95.0,98.0,98.0,,98.0,,98.0,95.0,,,98.0
Jordan,JOR,2011,95.0,98.0,98.0,,98.0,,98.0,95.0,,,98.0
Jordan,JOR,2012,96.0,98.0,98.0,,98.0,,98.0,96.0,,,98.0
Jordan,JOR,2013,98.0,98.0,98.0,,97.0,,98.0,98.0,,,98.0
Jordan,JOR,2014,95.0,98.0,98.0,,98.0,,98.0,98.0,,,98.0
Jordan,JOR,2015,98.0,99.0,99.0,99.0,94.0,,99.0,96.0,88.0,,99.0
Jordan,JOR,2016,99.0,98.0,98.0,99.0,96.0,,98.0,99.0,97.0,,98.0
Jordan,JOR,2017,99.0,99.0,99.0,99.0,93.0,,99.0,99.0,96.0,,99.0
Jordan,JOR,2018,94.0,96.0,96.0,95.0,92.0,,92.0,96.0,93.0,,96.0
Jordan,JOR,2019,86.0,89.0,89.0,90.0,87.0,,87.0,93.0,86.0,,89.0
Jordan,JOR,2000,,93.0,,,94.0,,94.0,83.0,,,91.0
Jordan,JOR,2001,,97.0,59.0,,99.0,,97.0,87.0,,,99.0
Kazakhstan,KAZ,2000,98.0,99.0,,,99.0,,96.0,,,,97.0
Kazakhstan,KAZ,2001,95.0,95.0,,,95.0,,95.0,,,,95.0
Kazakhstan,KAZ,2002,99.0,95.0,,,95.0,,95.0,,,,95.0
Kazakhstan,KAZ,2003,99.0,99.0,,,99.0,,99.0,,,,99.0
Kazakhstan,KAZ,2004,65.0,99.0,,,99.0,,99.0,99.0,,,82.0
Kazakhstan,KAZ,2005,69.0,94.0,,,99.0,,99.0,99.0,,,98.0
Kazakhstan,KAZ,2006,99.0,99.0,,,99.0,,99.0,99.0,,,99.0
Kazakhstan,KAZ,2007,99.0,94.0,,,99.0,,94.0,99.0,,,93.0
Kazakhstan,KAZ,2008,97.0,99.0,49.0,,99.0,,99.0,99.0,,,99.0
Kazakhstan,KAZ,2009,96.0,99.0,97.0,,99.0,,99.0,99.0,,,98.0
Kazakhstan,KAZ,2010,96.0,99.0,96.0,,99.0,,98.0,99.0,,,99.0
Kazakhstan,KAZ,2011,96.0,99.0,95.0,,99.0,,99.0,99.0,,,99.0
Kazakhstan,KAZ,2012,95.0,95.0,97.0,,96.0,37.0,98.0,96.0,,,99.0
Kazakhstan,KAZ,2013,95.0,99.0,98.0,,99.0,52.0,98.0,99.0,,,98.0
Kazakhstan,KAZ,2014,95.0,95.0,95.0,,99.0,58.0,95.0,99.0,,,95.0
Kazakhstan,KAZ,2015,95.0,98.0,98.0,99.0,99.0,74.0,98.0,99.0,,,98.0
Kazakhstan,KAZ,2016,95.0,82.0,82.0,93.0,99.0,97.0,82.0,99.0,,,82.0
Kazakhstan,KAZ,2017,95.0,99.0,99.0,99.0,99.0,98.0,99.0,99.0,,,99.0
Kazakhstan,KAZ,2018,95.0,98.0,98.0,99.0,99.0,95.0,98.0,99.0,,,98.0
Kazakhstan,KAZ,2019,87.0,97.0,97.0,99.0,99.0,89.0,97.0,99.0,,,97.0
Kenya,KEN,2000,91.0,,,,78.0,,80.0,,,,82.0
Kenya,KEN,2001,94.0,,,,77.0,,77.0,,,,80.0
Kenya,KEN,2002,91.0,84.0,84.0,,78.0,,83.0,,,1.0,84.0
Kenya,KEN,2003,87.0,73.0,73.0,,72.0,,75.0,,,1.0,73.0
Kenya,KEN,2004,87.0,73.0,73.0,,73.0,,73.0,,,1.0,73.0
Kenya,KEN,2005,85.0,76.0,76.0,,69.0,,70.0,,,1.0,76.0
Kenya,KEN,2006,92.0,80.0,80.0,,77.0,,77.0,,,1.0,80.0
Kenya,KEN,2007,92.0,81.0,81.0,,80.0,,76.0,,,1.0,81.0
Kenya,KEN,2008,98.0,88.0,88.0,,90.0,,88.0,,,1.0,88.0
Kenya,KEN,2009,99.0,88.0,88.0,,88.0,,89.0,,,1.0,88.0
Kenya,KEN,2010,99.0,90.0,90.0,,86.0,,90.0,,,1.0,90.0
Kenya,KEN,2011,99.0,96.0,96.0,,87.0,85.0,97.0,,,1.0,96.0
Kenya,KEN,2012,97.0,94.0,94.0,,93.0,82.0,94.0,,,2.0,94.0
Kenya,KEN,2013,92.0,93.0,93.0,,94.0,75.0,94.0,,,2.0,87.0
Kenya,KEN,2014,94.0,92.0,92.0,,95.0,81.0,93.0,,19.0,1.0,92.0
Kenya,KEN,2015,87.0,89.0,89.0,,96.0,75.0,83.0,,66.0,1.0,89.0
Kenya,KEN,2016,99.0,89.0,90.0,70.0,96.0,78.0,88.0,,74.0,1.0,89.0
Kenya,KEN,2017,89.0,82.0,82.0,78.0,89.0,82.0,81.0,89.0,67.0,1.0,82.0
Kenya,KEN,2018,95.0,92.0,92.0,88.0,89.0,92.0,92.0,89.0,92.0,1.0,92.0
Kenya,KEN,2019,93.0,91.0,91.0,91.0,89.0,91.0,91.0,89.0,91.0,2.0,91.0
Latvia,LVA,2000,99.0,95.0,79.0,,97.0,,96.0,97.0,,,96.0
Latvia,LVA,2001,99.0,96.0,84.0,,98.0,,97.0,98.0,,,97.0
Latvia,LVA,2002,99.0,98.0,87.0,,98.0,,98.0,98.0,,,97.0
Latvia,LVA,2003,97.0,98.0,96.0,,98.0,,98.0,98.0,,,98.0
Latvia,LVA,2004,98.0,98.0,98.0,,98.0,,99.0,98.0,,,99.0
Latvia,LVA,2005,97.0,99.0,99.0,,98.0,,99.0,98.0,,,99.0
Latvia,LVA,2006,95.0,94.0,96.0,,98.0,,96.0,98.0,,,96.0
Latvia,LVA,2007,95.0,91.0,94.0,,95.0,,94.0,95.0,,,94.0
Latvia,LVA,2008,95.0,93.0,94.0,,96.0,,94.0,96.0,,,94.0
Latvia,LVA,2009,96.0,92.0,94.0,,92.0,,94.0,92.0,,,94.0
Latvia,LVA,2010,92.0,91.0,90.0,,95.0,,92.0,95.0,,,92.0
Latvia,LVA,2011,93.0,89.0,91.0,,92.0,76.0,92.0,92.0,,,92.0
Latvia,LVA,2012,94.0,90.0,90.0,,90.0,55.0,91.0,90.0,,,91.0
Latvia,LVA,2013,94.0,94.0,94.0,,96.0,87.0,94.0,96.0,,,94.0
Latvia,LVA,2014,92.0,92.0,92.0,,95.0,84.0,92.0,95.0,,,92.0
Latvia,LVA,2015,93.0,94.0,94.0,98.0,96.0,85.0,94.0,96.0,,,94.0
Latvia,LVA,2016,96.0,98.0,98.0,99.0,93.0,84.0,98.0,93.0,43.0,,98.0
Latvia,LVA,2017,96.0,98.0,98.0,98.0,96.0,87.0,98.0,96.0,78.0,,98.0
Latvia,LVA,2018,95.0,96.0,96.0,97.0,98.0,84.0,96.0,98.0,79.0,,96.0
Latvia,LVA,2019,96.0,99.0,99.0,99.0,99.0,84.0,99.0,99.0,85.0,,99.0
Lebanon,LBN,2000,,83.0,,,71.0,,83.0,71.0,,,83.0
Lebanon,LBN,2001,,80.0,,,65.0,,80.0,65.0,,,80.0
Lebanon,LBN,2002,,77.0,,,59.0,,77.0,59.0,,,77.0
Lebanon,LBN,2003,,74.0,74.0,,53.0,,74.0,53.0,,,74.0
Lebanon,LBN,2004,,75.0,75.0,,58.0,,74.0,58.0,,,75.0
Lebanon,LBN,2005,,77.0,77.0,,63.0,,74.0,63.0,,,77.0
Lebanon,LBN,2006,,78.0,78.0,,69.0,,75.0,45.0,,,78.0
Lebanon,LBN,2007,,80.0,80.0,,74.0,,75.0,74.0,,,80.0
Lebanon,LBN,2008,,81.0,81.0,,79.0,,75.0,79.0,,,81.0
Lebanon,LBN,2009,,81.0,82.0,,80.0,,76.0,80.0,,,81.0
Lebanon,LBN,2010,,81.0,83.0,,80.0,,77.0,80.0,,,82.0
Lebanon,LBN,2011,,80.0,83.0,,81.0,,79.0,81.0,,,82.0
Lebanon,LBN,2012,,80.0,84.0,,81.0,,80.0,81.0,,,83.0
Lebanon,LBN,2013,,80.0,85.0,,82.0,,81.0,82.0,,,83.0
Lebanon,LBN,2014,,80.0,85.0,,82.0,,81.0,82.0,,,83.0
Lebanon,LBN,2015,,80.0,85.0,96.0,82.0,,81.0,82.0,,,83.0
Lebanon,LBN,2016,,80.0,85.0,96.0,82.0,,81.0,82.0,,,83.0
Lebanon,LBN,2017,,80.0,85.0,96.0,82.0,82.0,81.0,82.0,,,83.0
Lebanon,LBN,2018,,80.0,85.0,96.0,82.0,82.0,81.0,82.0,,,83.0
Lebanon,LBN,2019,,80.0,85.0,96.0,82.0,82.0,81.0,82.0,,,83.0
Lesotho,LSO,2000,88.0,,,,74.0,,82.0,,,,83.0
Lesotho,LSO,2001,83.0,,,,70.0,,78.0,,,,78.0
Lesotho,LSO,2002,90.0,,,,78.0,,84.0,,,,84.0
Lesotho,LSO,2003,96.0,17.0,,,85.0,,90.0,,,,90.0
Lesotho,LSO,2004,96.0,60.0,,,84.0,,89.0,,,,90.0
Lesotho,LSO,2005,96.0,87.0,,,83.0,,88.0,,,,89.0
Lesotho,LSO,2006,95.0,91.0,,,82.0,,88.0,,,,89.0
Lesotho,LSO,2007,95.0,90.0,,,81.0,,87.0,,,,88.0
Lesotho,LSO,2008,95.0,88.0,,,80.0,,86.0,,,,88.0
Lesotho,LSO,2009,92.0,91.0,91.0,,84.0,,89.0,,,,91.0
Lesotho,LSO,2010,90.0,93.0,94.0,,88.0,,92.0,,,,93.0
Lesotho,LSO,2011,87.0,96.0,96.0,,92.0,,95.0,,,,96.0
Lesotho,LSO,2012,93.0,95.0,95.0,,91.0,,93.0,,,,95.0
Lesotho,LSO,2013,98.0,93.0,93.0,,90.0,,90.0,,,,93.0
Lesotho,LSO,2014,97.0,88.0,88.0,,92.0,,88.0,,,,88.0
Lesotho,LSO,2015,95.0,83.0,83.0,,93.0,29.0,85.0,,,,83.0
Lesotho,LSO,2016,96.0,87.0,87.0,44.0,90.0,87.0,87.0,,,,87.0
Lesotho,LSO,2017,96.0,87.0,87.0,0.0,90.0,87.0,87.0,90.0,,,87.0
Lesotho,LSO,2018,96.0,87.0,87.0,39.0,90.0,87.0,87.0,90.0,70.0,,87.0
Lesotho,LSO,2019,96.0,87.0,87.0,87.0,90.0,87.0,87.0,90.0,87.0,,87.0
Liberia,LBR,2000,78.0,,,,63.0,,56.0,,,,46.0
Liberia,LBR,2001,73.0,,,,58.0,,54.0,,,56.0,42.0
Liberia,LBR,2002,69.0,,,,52.0,,51.0,,,39.0,39.0
Liberia,LBR,2003,64.0,,,,47.0,,49.0,,,28.0,35.0
Liberia,LBR,2004,60.0,,,,41.0,,47.0,,,34.0,31.0
Liberia,LBR,2005,76.0,,,,62.0,,66.0,,,58.0,60.0
Liberia,LBR,2006,77.0,,,,63.0,,66.0,,,57.0,60.0
Liberia,LBR,2007,77.0,,,,71.0,,67.0,,,64.0,65.0
Liberia,LBR,2008,85.0,75.0,75.0,,76.0,,79.0,,,74.0,75.0
Liberia,LBR,2009,87.0,81.0,81.0,,83.0,,84.0,,,83.0,81.0
Liberia,LBR,2010,73.0,70.0,70.0,,65.0,,71.0,,,64.0,70.0
Liberia,LBR,2011,85.0,77.0,77.0,,71.0,,77.0,,,70.0,77.0
Liberia,LBR,2012,85.0,80.0,80.0,,80.0,,80.0,,,78.0,80.0
Liberia,LBR,2013,87.0,80.0,80.0,,74.0,,80.0,,,73.0,80.0
Liberia,LBR,2014,73.0,63.0,63.0,,58.0,25.0,62.0,,,54.0,63.0
Liberia,LBR,2015,74.0,65.0,65.0,,64.0,36.0,65.0,,,56.0,65.0
Liberia,LBR,2016,81.0,73.0,73.0,,70.0,73.0,73.0,,48.0,64.0,73.0
Liberia,LBR,2017,87.0,80.0,80.0,29.0,75.0,78.0,79.0,,71.0,72.0,80.0
Liberia,LBR,2018,92.0,80.0,80.0,65.0,74.0,78.0,79.0,,77.0,70.0,80.0
Liberia,LBR,2019,84.0,70.0,70.0,66.0,68.0,68.0,69.0,,64.0,65.0,70.0
Lithuania,LTU,2000,99.0,98.0,2.0,,97.0,,92.0,97.0,,,94.0
Lithuania,LTU,2001,99.0,95.0,4.0,,97.0,,97.0,97.0,,,95.0
Lithuania,LTU,2002,99.0,94.0,5.0,,98.0,,97.0,98.0,,,95.0
Lithuania,LTU,2003,99.0,95.0,10.0,,98.0,,91.0,98.0,,,94.0
Lithuania,LTU,2004,99.0,94.0,35.0,,98.0,,90.0,98.0,,,94.0
Lithuania,LTU,2005,99.0,95.0,61.0,,97.0,,93.0,97.0,,,94.0
Lithuania,LTU,2006,99.0,95.0,94.0,,97.0,,94.0,97.0,,,94.0
Lithuania,LTU,2007,99.0,96.0,95.0,,97.0,,95.0,97.0,,,95.0
Lithuania,LTU,2008,99.0,96.0,96.0,,97.0,,96.0,97.0,,,96.0
Lithuania,LTU,2009,99.0,95.0,98.0,,96.0,,98.0,96.0,,,98.0
Lithuania,LTU,2010,99.0,94.0,95.0,,96.0,,95.0,96.0,,,95.0
Lithuania,LTU,2011,98.0,95.0,92.0,,94.0,,92.0,94.0,,,92.0
Lithuania,LTU,2012,98.0,93.0,93.0,,93.0,,93.0,93.0,,,93.0
Lithuania,LTU,2013,98.0,93.0,93.0,,93.0,,93.0,93.0,,,93.0
Lithuania,LTU,2014,98.0,94.0,93.0,,93.0,,93.0,93.0,,,93.0
Lithuania,LTU,2015,97.0,94.0,93.0,97.0,94.0,,93.0,94.0,,,93.0
Lithuania,LTU,2016,98.0,95.0,94.0,97.0,94.0,82.0,94.0,94.0,,,94.0
Lithuania,LTU,2017,97.0,94.0,94.0,97.0,94.0,82.0,94.0,94.0,,,94.0
Lithuania,LTU,2018,96.0,93.0,92.0,95.0,92.0,82.0,92.0,92.0,1.0,,92.0
Lithuania,LTU,2019,97.0,92.0,92.0,96.0,93.0,82.0,92.0,93.0,45.0,,92.0
Luxembourg,LUX,2000,,77.0,93.0,,93.0,,99.0,93.0,,,99.0
Luxembourg,LUX,2001,,86.0,96.0,,94.0,,99.0,94.0,,,99.0
Luxembourg,LUX,2002,,95.0,98.0,,94.0,,99.0,94.0,,,99.0
Luxembourg,LUX,2003,,95.0,98.0,,95.0,,99.0,95.0,,,98.0
Luxembourg,LUX,2004,,94.0,98.0,,95.0,,99.0,95.0,,,99.0
Luxembourg,LUX,2005,,95.0,98.0,,95.0,,99.0,95.0,,,99.0
Luxembourg,LUX,2006,,95.0,98.0,,95.0,,99.0,95.0,,,99.0
Luxembourg,LUX,2007,,87.0,99.0,,96.0,,96.0,96.0,,,99.0
Luxembourg,LUX,2008,,94.0,99.0,,96.0,86.0,96.0,96.0,,,99.0
Luxembourg,LUX,2009,,95.0,99.0,,96.0,86.0,96.0,96.0,86.0,,99.0
Luxembourg,LUX,2010,,94.0,99.0,,96.0,86.0,96.0,96.0,87.0,,99.0
Luxembourg,LUX,2011,,95.0,99.0,,96.0,86.0,96.0,96.0,88.0,,99.0
Luxembourg,LUX,2012,,94.0,99.0,,99.0,95.0,99.0,99.0,89.0,,99.0
Luxembourg,LUX,2013,,94.0,99.0,,99.0,95.0,99.0,99.0,89.0,,99.0
Luxembourg,LUX,2014,,94.0,99.0,,99.0,95.0,99.0,99.0,89.0,,99.0
Luxembourg,LUX,2015,,94.0,99.0,99.0,99.0,95.0,99.0,99.0,89.0,,99.0
Luxembourg,LUX,2016,,94.0,99.0,99.0,99.0,95.0,99.0,99.0,89.0,,99.0
Luxembourg,LUX,2017,,94.0,99.0,99.0,99.0,95.0,99.0,99.0,89.0,,99.0
Luxembourg,LUX,2018,,96.0,99.0,99.0,99.0,96.0,99.0,99.0,89.0,,99.0
Luxembourg,LUX,2019,,96.0,99.0,99.0,99.0,96.0,99.0,99.0,89.0,,99.0
Malawi,MWI,2000,83.0,,,,73.0,,73.0,,,,75.0
Malawi,MWI,2001,93.0,,,,81.0,,86.0,,,,90.0
Malawi,MWI,2002,78.0,64.0,64.0,,69.0,,79.0,,,,64.0
Malawi,MWI,2003,91.0,84.0,84.0,,77.0,,85.0,,,,84.0
Malawi,MWI,2004,97.0,89.0,89.0,,80.0,,94.0,,,,89.0
Malawi,MWI,2005,99.0,93.0,93.0,,82.0,,94.0,,,,93.0
Malawi,MWI,2006,99.0,99.0,99.0,,85.0,,99.0,,,,99.0
Malawi,MWI,2007,95.0,87.0,87.0,,83.0,,88.0,,,,87.0
Malawi,MWI,2008,97.0,91.0,91.0,,88.0,,92.0,,,,91.0
Malawi,MWI,2009,95.0,93.0,93.0,,92.0,,93.0,,,,93.0
Malawi,MWI,2010,97.0,93.0,93.0,,93.0,,86.0,,,,93.0
Malawi,MWI,2011,99.0,97.0,97.0,,96.0,,97.0,,,,97.0
Malawi,MWI,2012,99.0,96.0,96.0,,90.0,99.0,95.0,,7.0,,96.0
Malawi,MWI,2013,96.0,89.0,89.0,,88.0,89.0,89.0,,81.0,,89.0
Malawi,MWI,2014,97.0,91.0,91.0,,85.0,87.0,87.0,,83.0,,91.0
Malawi,MWI,2015,90.0,88.0,88.0,,87.0,88.0,88.0,,84.0,,88.0
Malawi,MWI,2016,86.0,84.0,84.0,,81.0,83.0,83.0,,81.0,,84.0
Malawi,MWI,2017,89.0,88.0,88.0,,83.0,88.0,87.0,83.0,85.0,,88.0
Malawi,MWI,2018,92.0,92.0,92.0,,87.0,92.0,91.0,87.0,90.0,,92.0
Malawi,MWI,2019,91.0,95.0,95.0,88.0,92.0,95.0,94.0,92.0,92.0,,95.0
Malaysia,MYS,2000,99.0,97.0,,,96.0,,98.0,96.0,,,98.0
Malaysia,MYS,2001,98.0,95.0,,,95.0,,95.0,95.0,,,96.0
Malaysia,MYS,2002,98.0,95.0,,,94.0,,94.0,94.0,,,94.0
Malaysia,MYS,2003,99.0,95.0,,,93.0,,96.0,93.0,,,96.0
Malaysia,MYS,2004,99.0,94.0,71.0,,95.0,,95.0,95.0,,,95.0
Malaysia,MYS,2005,98.0,96.0,85.0,,96.0,,96.0,96.0,,,96.0
Malaysia,MYS,2006,98.0,95.0,89.0,,95.0,,95.0,95.0,,,95.0
Malaysia,MYS,2007,99.0,96.0,90.0,,95.0,,97.0,95.0,,,97.0
Malaysia,MYS,2008,99.0,97.0,95.0,,95.0,,97.0,95.0,,,97.0
Malaysia,MYS,2009,99.0,96.0,95.0,,95.0,,97.0,95.0,,,97.0
Malaysia,MYS,2010,99.0,96.0,95.0,,95.0,,96.0,95.0,,,96.0
Malaysia,MYS,2011,99.0,96.0,95.0,,95.0,,96.0,95.0,,,96.0
Malaysia,MYS,2012,99.0,97.0,99.0,,95.0,,97.0,95.0,,,97.0
Malaysia,MYS,2013,99.0,96.0,97.0,,95.0,,97.0,95.0,,,97.0
Malaysia,MYS,2014,99.0,96.0,97.0,,94.0,,97.0,94.0,,,97.0
Malaysia,MYS,2015,99.0,99.0,99.0,99.0,93.0,,99.0,93.0,,,99.0
Malaysia,MYS,2016,99.0,98.0,95.0,98.0,93.0,,98.0,93.0,,,95.0
Malaysia,MYS,2017,98.0,98.0,99.0,99.0,93.0,,99.0,93.0,,,99.0
Malaysia,MYS,2018,99.0,99.0,99.0,99.0,96.0,,99.0,96.0,,,99.0
Malaysia,MYS,2019,99.0,97.0,98.0,99.0,97.0,,98.0,97.0,,,98.0
Mauritania,MRT,2000,78.0,,,,46.0,,58.0,,,,51.0
Mauritania,MRT,2001,95.0,,,,58.0,,75.0,,,,75.0
Mauritania,MRT,2002,99.0,,,,87.0,,91.0,,,,89.0
Mauritania,MRT,2003,96.0,,,,84.0,,75.0,,,,76.0
Mauritania,MRT,2004,94.0,,,,73.0,,68.0,,,,70.0
Mauritania,MRT,2005,91.0,42.0,,,65.0,,71.0,,,,71.0
Mauritania,MRT,2006,86.0,68.0,,,62.0,,68.0,,,,68.0
Mauritania,MRT,2007,92.0,74.0,,,67.0,,75.0,,,,75.0
Mauritania,MRT,2008,89.0,74.0,,,65.0,,73.0,,,,74.0
Mauritania,MRT,2009,81.0,64.0,64.0,,59.0,,63.0,,,,64.0
Mauritania,MRT,2010,85.0,64.0,64.0,,67.0,,52.0,,,,64.0
Mauritania,MRT,2011,86.0,75.0,75.0,,67.0,,73.0,,,,75.0
Mauritania,MRT,2012,95.0,80.0,80.0,,75.0,,80.0,,,,80.0
Mauritania,MRT,2013,95.0,80.0,80.0,,80.0,1.0,80.0,,,,80.0
Mauritania,MRT,2014,93.0,81.0,81.0,,75.0,71.0,81.0,,5.0,,81.0
Mauritania,MRT,2015,85.0,73.0,73.0,6.0,70.0,71.0,67.0,,56.0,,73.0
Mauritania,MRT,2016,86.0,74.0,74.0,65.0,73.0,71.0,69.0,,74.0,,74.0
Mauritania,MRT,2017,88.0,76.0,76.0,70.0,75.0,72.0,70.0,,74.0,,76.0
Mauritania,MRT,2018,89.0,77.0,77.0,74.0,78.0,72.0,72.0,78.0,74.0,,77.0
Mauritania,MRT,2019,90.0,80.0,80.0,72.0,75.0,76.0,75.0,75.0,75.0,,80.0
Mexico,MEX,2000,99.0,97.0,97.0,,96.0,,97.0,96.0,,,97.0
Mexico,MEX,2001,99.0,97.0,97.0,,95.0,,97.0,95.0,,,97.0
Mexico,MEX,2002,99.0,97.0,97.0,,96.0,,98.0,96.0,,,97.0
Mexico,MEX,2003,99.0,98.0,98.0,,96.0,,98.0,96.0,,,98.0
Mexico,MEX,2004,99.0,98.0,98.0,,96.0,,98.0,96.0,,,98.0
Mexico,MEX,2005,99.0,98.0,98.0,,96.0,,98.0,96.0,,,98.0
Mexico,MEX,2006,99.0,98.0,98.0,,96.0,,98.0,96.0,,,98.0
Mexico,MEX,2007,99.0,98.0,98.0,,96.0,,98.0,96.0,,,98.0
Mexico,MEX,2008,99.0,97.0,96.0,,96.0,14.0,96.0,96.0,47.0,,96.0
Mexico,MEX,2009,99.0,95.0,95.0,,96.0,46.0,95.0,96.0,93.0,,95.0
Mexico,MEX,2010,98.0,93.0,95.0,,95.0,92.0,95.0,95.0,90.0,,95.0
Mexico,MEX,2011,99.0,98.0,97.0,,98.0,98.0,97.0,98.0,98.0,,97.0
Mexico,MEX,2012,99.0,99.0,99.0,,99.0,99.0,99.0,99.0,99.0,,99.0
Mexico,MEX,2013,91.0,82.0,83.0,,89.0,84.0,83.0,89.0,81.0,,83.0
Mexico,MEX,2014,96.0,84.0,87.0,,97.0,94.0,87.0,97.0,85.0,,87.0
Mexico,MEX,2015,98.0,76.0,87.0,99.0,97.0,93.0,87.0,97.0,81.0,,87.0
Mexico,MEX,2016,99.0,82.0,93.0,96.0,96.0,92.0,93.0,96.0,72.0,,93.0
Mexico,MEX,2017,94.0,58.0,85.0,93.0,76.0,92.0,85.0,76.0,70.0,,85.0
Mexico,MEX,2018,96.0,55.0,88.0,90.0,97.0,88.0,88.0,97.0,77.0,,88.0
Mexico,MEX,2019,76.0,56.0,82.0,84.0,73.0,86.0,82.0,73.0,71.0,,82.0
"Moldova, Republic of",MDA,2000,99.0,92.0,,,89.0,,97.0,,,,95.0
"Moldova, Republic of",MDA,2001,99.0,94.0,,,94.0,,98.0,,,,97.0
"Moldova, Republic of",MDA,2002,99.0,99.0,,,94.0,,98.0,94.0,,,97.0
"Moldova, Republic of",MDA,2003,99.0,99.0,,,96.0,,98.0,96.0,,,98.0
"Moldova, Republic of",MDA,2004,99.0,99.0,,,96.0,,98.0,96.0,,,98.0
"Moldova, Republic of",MDA,2005,97.0,99.0,,,97.0,,99.0,97.0,,,98.0
"Moldova, Republic of",MDA,2006,99.0,98.0,,,96.0,,98.0,96.0,,,97.0
"Moldova, Republic of",MDA,2007,98.0,95.0,,,96.0,,93.0,96.0,,,92.0
"Moldova, Republic of",MDA,2008,98.0,97.0,,,95.0,,96.0,95.0,,,90.0
"Moldova, Republic of",MDA,2009,96.0,89.0,47.0,,90.0,,87.0,90.0,,,85.0
"Moldova, Republic of",MDA,2010,98.0,98.0,63.0,,97.0,,97.0,97.0,,,90.0
"Moldova, Republic of",MDA,2011,98.0,96.0,78.0,,91.0,,96.0,91.0,,,93.0
"Moldova, Republic of",MDA,2012,99.0,94.0,90.0,,91.0,,92.0,91.0,21.0,,92.0
"Moldova, Republic of",MDA,2013,96.0,91.0,89.0,,91.0,1.0,92.0,91.0,65.0,,90.0
"Moldova, Republic of",MDA,2014,97.0,92.0,89.0,,90.0,28.0,92.0,90.0,62.0,,90.0
"Moldova, Republic of",MDA,2015,97.0,88.0,86.0,,89.0,72.0,88.0,89.0,62.0,,87.0
"Moldova, Republic of",MDA,2016,97.0,90.0,89.0,,88.0,77.0,91.0,88.0,70.0,,89.0
"Moldova, Republic of",MDA,2017,96.0,89.0,88.0,,93.0,79.0,90.0,93.0,66.0,,88.0
"Moldova, Republic of",MDA,2018,96.0,94.0,92.0,56.0,93.0,85.0,94.0,93.0,67.0,,93.0
"Moldova, Republic of",MDA,2019,94.0,94.0,90.0,98.0,97.0,80.0,94.0,97.0,66.0,,91.0
Mongolia,MNG,2000,97.0,93.0,,,92.0,,94.0,,,,94.0
Mongolia,MNG,2001,98.0,95.0,,,95.0,,95.0,,,,95.0
Mongolia,MNG,2002,98.0,98.0,,,98.0,,98.0,,,,98.0
Mongolia,MNG,2003,98.0,98.0,,,98.0,,98.0,,,,98.0
Mongolia,MNG,2004,98.0,98.0,,,99.0,,99.0,,,,99.0
Mongolia,MNG,2005,99.0,98.0,28.0,,97.0,,99.0,,,,99.0
Mongolia,MNG,2006,98.0,98.0,56.0,,99.0,,98.0,,,,99.0
Mongolia,MNG,2007,99.0,98.0,78.0,,98.0,,99.0,,,,95.0
Mongolia,MNG,2008,98.0,96.0,96.0,,97.0,,95.0,,,,96.0
Mongolia,MNG,2009,98.0,97.0,97.0,,94.0,,96.0,94.0,,,95.0
Mongolia,MNG,2010,99.0,96.0,96.0,,97.0,,96.0,97.0,,,96.0
Mongolia,MNG,2011,99.0,99.0,99.0,,98.0,,99.0,98.0,,,99.0
Mongolia,MNG,2012,99.0,99.0,99.0,,99.0,,99.0,99.0,,,99.0
Mongolia,MNG,2013,99.0,98.0,98.0,,97.0,,98.0,97.0,,,98.0
Mongolia,MNG,2014,99.0,99.0,99.0,,98.0,,99.0,98.0,,,99.0
Mongolia,MNG,2015,99.0,99.0,99.0,,98.0,,99.0,98.0,,,99.0
Mongolia,MNG,2016,99.0,99.0,99.0,,98.0,,99.0,98.0,,,99.0
Mongolia,MNG,2017,99.0,99.0,99.0,,99.0,13.0,99.0,99.0,,,99.0
Mongolia,MNG,2018,99.0,99.0,99.0,,99.0,26.0,99.0,99.0,,,99.0
Mongolia,MNG,2019,99.0,98.0,98.0,61.0,98.0,49.0,98.0,98.0,,,98.0
Montenegro,MNE,2006,98.0,90.0,90.0,,90.0,,90.0,90.0,,,90.0
Montenegro,MNE,2007,98.0,90.0,89.0,,90.0,,92.0,90.0,,,92.0
Montenegro,MNE,2008,98.0,93.0,93.0,,89.0,,95.0,89.0,,,95.0
Montenegro,MNE,2009,95.0,87.0,87.0,,86.0,,91.0,86.0,,,92.0
Montenegro,MNE,2010,95.0,90.0,90.0,,90.0,,93.0,90.0,,,94.0
Montenegro,MNE,2011,97.0,91.0,90.0,,91.0,,95.0,91.0,,,95.0
Montenegro,MNE,2012,95.0,90.0,94.0,,90.0,,94.0,90.0,,,94.0
Montenegro,MNE,2013,93.0,90.0,94.0,,88.0,,94.0,88.0,,,94.0
Montenegro,MNE,2014,91.0,87.0,91.0,,76.0,,91.0,76.0,,,91.0
Montenegro,MNE,2015,88.0,82.0,89.0,96.0,64.0,,89.0,64.0,,,89.0
Montenegro,MNE,2016,85.0,75.0,89.0,97.0,47.0,,89.0,47.0,,,89.0
Montenegro,MNE,2017,83.0,73.0,87.0,95.0,58.0,,87.0,58.0,,,87.0
Montenegro,MNE,2018,93.0,72.0,86.0,94.0,42.0,,86.0,42.0,,,86.0
Montenegro,MNE,2019,80.0,62.0,85.0,94.0,33.0,,85.0,33.0,,,85.0
Morocco,MAR,2000,97.0,43.0,,,93.0,,95.0,,,,95.0
Morocco,MAR,2001,93.0,84.0,,,96.0,,93.0,,,,96.0
Morocco,MAR,2002,92.0,92.0,,,94.0,,94.0,,,,94.0
Morocco,MAR,2003,92.0,90.0,,,90.0,,91.0,,,,91.0
Morocco,MAR,2004,95.0,95.0,,,95.0,,97.0,91.0,,,97.0
Morocco,MAR,2005,95.0,96.0,,,97.0,,98.0,92.0,,,98.0
Morocco,MAR,2006,95.0,95.0,,,95.0,,97.0,92.0,,,97.0
Morocco,MAR,2007,96.0,95.0,91.0,,95.0,,95.0,92.0,,,95.0
Morocco,MAR,2008,99.0,97.0,99.0,,96.0,,99.0,,,,99.0
Morocco,MAR,2009,99.0,98.0,99.0,,98.0,,99.0,,,,99.0
Morocco,MAR,2010,99.0,98.0,99.0,,98.0,1.0,99.0,,2.0,,99.0
Morocco,MAR,2011,99.0,98.0,99.0,,99.0,23.0,98.0,,80.0,,99.0
Morocco,MAR,2012,99.0,99.0,99.0,,99.0,72.0,99.0,,88.0,,99.0
Morocco,MAR,2013,99.0,99.0,99.0,,99.0,80.0,99.0,,90.0,,99.0
Morocco,MAR,2014,99.0,99.0,99.0,,99.0,90.0,99.0,99.0,90.0,,99.0
Morocco,MAR,2015,99.0,99.0,99.0,33.0,99.0,95.0,99.0,99.0,90.0,,99.0
Morocco,MAR,2016,99.0,99.0,99.0,95.0,99.0,98.0,99.0,99.0,99.0,,99.0
Morocco,MAR,2017,99.0,99.0,99.0,17.0,99.0,99.0,99.0,99.0,99.0,,99.0
Morocco,MAR,2018,99.0,99.0,99.0,80.0,99.0,99.0,99.0,99.0,99.0,,99.0
Morocco,MAR,2019,99.0,99.0,99.0,99.0,99.0,98.0,99.0,99.0,98.0,,99.0
Mozambique,MOZ,2000,84.0,,,,71.0,,69.0,,,,70.0
Mozambique,MOZ,2001,86.0,25.0,,,74.0,,72.0,,,,73.0
Mozambique,MOZ,2002,87.0,76.0,,,77.0,,76.0,,,,76.0
Mozambique,MOZ,2003,90.0,76.0,,,80.0,,67.0,,,,85.0
Mozambique,MOZ,2004,90.0,76.0,,,79.0,,69.0,,,,83.0
Mozambique,MOZ,2005,90.0,75.0,,,78.0,,71.0,,,,80.0
Mozambique,MOZ,2006,90.0,75.0,,,76.0,,73.0,,,,78.0
Mozambique,MOZ,2007,90.0,75.0,,,75.0,,75.0,,,,75.0
Mozambique,MOZ,2008,90.0,75.0,,,77.0,,74.0,,,,75.0
Mozambique,MOZ,2009,90.0,74.0,74.0,,80.0,,74.0,,,,74.0
Mozambique,MOZ,2010,90.0,74.0,74.0,,82.0,,73.0,,,,74.0
Mozambique,MOZ,2011,91.0,78.0,78.0,,83.0,,77.0,,,,78.0
Mozambique,MOZ,2012,92.0,81.0,81.0,,85.0,,81.0,,,,81.0
Mozambique,MOZ,2013,93.0,85.0,85.0,,86.0,45.0,84.0,,,,85.0
Mozambique,MOZ,2014,94.0,88.0,88.0,,87.0,73.0,88.0,,,,88.0
Mozambique,MOZ,2015,94.0,88.0,88.0,,87.0,80.0,88.0,,17.0,,88.0
Mozambique,MOZ,2016,94.0,88.0,88.0,72.0,87.0,80.0,88.0,,70.0,,88.0
Mozambique,MOZ,2017,94.0,88.0,88.0,60.0,87.0,80.0,88.0,,80.0,,88.0
Mozambique,MOZ,2018,93.0,88.0,88.0,64.0,87.0,80.0,88.0,87.0,80.0,,88.0
Mozambique,MOZ,2019,93.0,88.0,88.0,85.0,87.0,80.0,88.0,87.0,88.0,,88.0
Myanmar,MMR,2000,88.0,,,,84.0,,88.0,,,,82.0
Myanmar,MMR,2001,75.0,,,,73.0,,77.0,,,,73.0
Myanmar,MMR,2002,82.0,,,,77.0,,84.0,,,,79.0
Myanmar,MMR,2003,80.0,8.0,,,80.0,,86.0,,,,78.0
Myanmar,MMR,2004,85.0,39.0,,,86.0,,92.0,,,,82.0
Myanmar,MMR,2005,76.0,62.0,,,84.0,,86.0,,,,73.0
Myanmar,MMR,2006,85.0,75.0,,,78.0,,82.0,,,,82.0
Myanmar,MMR,2007,89.0,85.0,,,81.0,,84.0,,,,86.0
Myanmar,MMR,2008,88.0,85.0,,,82.0,,85.0,,,,85.0
Myanmar,MMR,2009,93.0,91.0,,,87.0,,90.0,,,,90.0
Myanmar,MMR,2010,93.0,92.0,,,88.0,,90.0,,,,90.0
Myanmar,MMR,2011,93.0,40.0,,,88.0,,90.0,,,,84.0
Myanmar,MMR,2012,87.0,58.0,,,84.0,,87.0,,,,84.0
Myanmar,MMR,2013,86.0,75.0,75.0,,86.0,,76.0,,,,75.0
Myanmar,MMR,2014,92.0,88.0,88.0,,88.0,,88.0,,,,88.0
Myanmar,MMR,2015,94.0,89.0,89.0,8.0,84.0,,89.0,84.0,,,89.0
Myanmar,MMR,2016,88.0,90.0,90.0,72.0,91.0,14.0,89.0,91.0,,,90.0
Myanmar,MMR,2017,91.0,89.0,89.0,12.0,83.0,89.0,89.0,83.0,,,89.0
Myanmar,MMR,2018,90.0,91.0,91.0,82.0,93.0,91.0,91.0,93.0,,,91.0
Myanmar,MMR,2019,91.0,90.0,90.0,90.0,84.0,90.0,90.0,84.0,,,90.0
Namibia,NAM,2000,77.0,,,,69.0,,80.0,,,,79.0
Namibia,NAM,2001,69.0,,,,58.0,,79.0,,,,78.0
Namibia,NAM,2002,81.0,,,,68.0,,78.0,,,,77.0
Namibia,NAM,2003,92.0,,,,70.0,,82.0,,,,79.0
Namibia,NAM,2004,94.0,,,,70.0,,81.0,,,,81.0
Namibia,NAM,2005,95.0,,,,73.0,,86.0,,,,86.0
Namibia,NAM,2006,88.0,,,,63.0,,74.0,,,,86.0
Namibia,NAM,2007,95.0,,,,69.0,,81.0,,,,86.0
Namibia,NAM,2008,88.0,,,,73.0,,83.0,,,,83.0
Namibia,NAM,2009,85.0,,,,76.0,,83.0,,,,83.0
Namibia,NAM,2010,88.0,83.0,83.0,,75.0,,83.0,,,,83.0
Namibia,NAM,2011,89.0,82.0,82.0,,74.0,,85.0,,,,82.0
Namibia,NAM,2012,90.0,84.0,84.0,,76.0,,84.0,,,,84.0
Namibia,NAM,2013,94.0,89.0,89.0,,82.0,,89.0,,,,89.0
Namibia,NAM,2014,97.0,88.0,88.0,,83.0,,88.0,,,,88.0
Namibia,NAM,2015,94.0,92.0,92.0,,85.0,81.0,92.0,,87.0,,92.0
Namibia,NAM,2016,89.0,85.0,85.0,46.0,75.0,84.0,84.0,,86.0,,85.0
Namibia,NAM,2017,94.0,88.0,88.0,0.0,80.0,67.0,83.0,80.0,86.0,,88.0
Namibia,NAM,2018,96.0,89.0,89.0,82.0,82.0,61.0,84.0,82.0,92.0,,89.0
Namibia,NAM,2019,98.0,87.0,87.0,76.0,80.0,57.0,84.0,80.0,90.0,,87.0
Nepal,NPL,2000,84.0,,,,71.0,,74.0,,,,74.0
Nepal,NPL,2001,84.0,,,,71.0,,73.0,,,,72.0
Nepal,NPL,2002,85.0,,,,71.0,,72.0,,,,72.0
Nepal,NPL,2003,91.0,2.0,,,75.0,,76.0,,,,78.0
Nepal,NPL,2004,85.0,27.0,,,73.0,,80.0,,,,80.0
Nepal,NPL,2005,87.0,41.0,,,74.0,,78.0,,,,75.0
Nepal,NPL,2006,93.0,69.0,,,85.0,,91.0,,,,89.0
Nepal,NPL,2007,89.0,82.0,,,81.0,,82.0,,,,82.0
Nepal,NPL,2008,87.0,82.0,,,79.0,,82.0,,,,82.0
Nepal,NPL,2009,94.0,89.0,,,90.0,,93.0,,,,89.0
Nepal,NPL,2010,94.0,82.0,,,86.0,,83.0,,,,82.0
Nepal,NPL,2011,97.0,92.0,92.0,,88.0,,92.0,,,,92.0
Nepal,NPL,2012,96.0,90.0,90.0,,86.0,,90.0,,,,90.0
Nepal,NPL,2013,97.0,92.0,92.0,,88.0,,92.0,88.0,,,92.0
Nepal,NPL,2014,99.0,92.0,92.0,,88.0,,92.0,88.0,,,92.0
Nepal,NPL,2015,94.0,91.0,91.0,59.0,85.0,5.0,90.0,85.0,,,91.0
Nepal,NPL,2016,93.0,87.0,87.0,77.0,83.0,46.0,85.0,83.0,,,87.0
Nepal,NPL,2017,95.0,90.0,90.0,16.0,90.0,80.0,90.0,90.0,,,90.0
Nepal,NPL,2018,96.0,91.0,91.0,16.0,91.0,82.0,91.0,91.0,,,91.0
Nepal,NPL,2019,96.0,93.0,93.0,80.0,92.0,83.0,92.0,92.0,,,93.0
Netherlands,NLD,2011,,20.0,97.0,,96.0,96.0,97.0,96.0,,,97.0
Netherlands,NLD,2012,,20.0,97.0,,96.0,96.0,97.0,96.0,,,97.0
Netherlands,NLD,2013,,51.0,97.0,,96.0,96.0,97.0,96.0,,,97.0
Netherlands,NLD,2014,,94.0,96.0,,96.0,95.0,96.0,96.0,,,96.0
Netherlands,NLD,2015,,94.0,96.0,98.0,95.0,94.0,95.0,95.0,,,95.0
Netherlands,NLD,2016,,93.0,95.0,98.0,94.0,94.0,95.0,94.0,,,95.0
Netherlands,NLD,2017,,92.0,94.0,98.0,93.0,93.0,94.0,93.0,,,94.0
Netherlands,NLD,2018,,92.0,93.0,97.0,93.0,93.0,93.0,93.0,,,93.0
Netherlands,NLD,2019,,92.0,94.0,98.0,94.0,93.0,94.0,94.0,,,94.0
Netherlands,NLD,2000,,,96.0,,96.0,,97.0,96.0,,,97.0
Netherlands,NLD,2001,,,96.0,,95.0,,97.0,95.0,,,97.0
Netherlands,NLD,2002,,,96.0,,95.0,,97.0,95.0,,,97.0
Netherlands,NLD,2003,,,97.0,,96.0,,98.0,96.0,,,98.0
Netherlands,NLD,2004,,,97.0,,96.0,,98.0,96.0,,,98.0
Netherlands,NLD,2005,,,96.0,,95.0,,96.0,95.0,,,96.0
Netherlands,NLD,2006,,,96.0,,96.0,,96.0,96.0,,,96.0
Netherlands,NLD,2007,,,97.0,,96.0,,97.0,96.0,,,97.0
Netherlands,NLD,2008,,,97.0,,96.0,,97.0,96.0,,,97.0
Netherlands,NLD,2009,,,97.0,,96.0,96.0,97.0,96.0,,,97.0
Netherlands,NLD,2010,,,97.0,,96.0,96.0,97.0,96.0,,,97.0
Nicaragua,NIC,2000,96.0,83.0,83.0,,86.0,,85.0,86.0,,,83.0
Nicaragua,NIC,2001,97.0,87.0,87.0,,99.0,,89.0,99.0,,,87.0
Nicaragua,NIC,2002,93.0,85.0,85.0,,98.0,,85.0,98.0,,,85.0
Nicaragua,NIC,2003,94.0,86.0,86.0,,93.0,,86.0,93.0,,,86.0
Nicaragua,NIC,2004,88.0,79.0,79.0,,84.0,,80.0,84.0,,,79.0
Nicaragua,NIC,2005,88.0,86.0,86.0,,96.0,,87.0,96.0,,,86.0
Nicaragua,NIC,2006,98.0,88.0,88.0,,99.0,,88.0,99.0,,,88.0
Nicaragua,NIC,2007,98.0,93.0,93.0,,99.0,,93.0,99.0,66.0,,93.0
Nicaragua,NIC,2008,99.0,97.0,97.0,,99.0,,97.0,99.0,89.0,,97.0
Nicaragua,NIC,2009,99.0,98.0,98.0,,99.0,,99.0,99.0,94.0,,98.0
Nicaragua,NIC,2010,99.0,98.0,98.0,,99.0,,99.0,99.0,98.0,,98.0
Nicaragua,NIC,2011,99.0,98.0,98.0,,99.0,61.0,99.0,99.0,98.0,,98.0
Nicaragua,NIC,2012,99.0,98.0,98.0,,99.0,98.0,99.0,99.0,98.0,,98.0
Nicaragua,NIC,2013,99.0,98.0,98.0,,99.0,98.0,99.0,99.0,98.0,,98.0
Nicaragua,NIC,2014,99.0,98.0,98.0,,99.0,98.0,99.0,99.0,99.0,,98.0
Nicaragua,NIC,2015,99.0,98.0,98.0,9.0,99.0,98.0,99.0,99.0,99.0,,98.0
Nicaragua,NIC,2016,99.0,98.0,98.0,99.0,99.0,98.0,99.0,99.0,99.0,,98.0
Nicaragua,NIC,2017,99.0,98.0,98.0,99.0,99.0,98.0,99.0,99.0,99.0,,98.0
Nicaragua,NIC,2018,99.0,98.0,98.0,99.0,99.0,98.0,99.0,99.0,99.0,,98.0
Nicaragua,NIC,2019,99.0,98.0,98.0,99.0,99.0,98.0,99.0,99.0,99.0,,98.0
Niger,NER,2000,50.0,,,,37.0,,41.0,,,10.0,34.0
Niger,NER,2001,53.0,,,,39.0,,42.0,,,15.0,36.0
Niger,NER,2002,56.0,,,,41.0,,43.0,,,21.0,39.0
Niger,NER,2003,58.0,,,,43.0,,44.0,,,26.0,41.0
Niger,NER,2004,61.0,,,,45.0,,45.0,,,32.0,43.0
Niger,NER,2005,64.0,,,,47.0,,46.0,,,37.0,45.0
Niger,NER,2006,69.0,,,,53.0,,52.0,,,32.0,51.0
Niger,NER,2007,73.0,,,,60.0,,57.0,,,37.0,57.0
Niger,NER,2008,78.0,,,,66.0,,68.0,,,47.0,67.0
Niger,NER,2009,86.0,71.0,71.0,,69.0,,71.0,,,67.0,71.0
Niger,NER,2010,81.0,70.0,70.0,,67.0,,75.0,,,64.0,70.0
Niger,NER,2011,53.0,75.0,75.0,,69.0,,40.0,,,52.0,75.0
Niger,NER,2012,85.0,71.0,71.0,,75.0,,71.0,,,73.0,71.0
Niger,NER,2013,43.0,73.0,73.0,,80.0,,62.0,,,75.0,73.0
Niger,NER,2014,87.0,81.0,81.0,,80.0,13.0,79.0,,19.0,79.0,81.0
Niger,NER,2015,94.0,84.0,84.0,27.0,85.0,49.0,83.0,,47.0,84.0,84.0
Niger,NER,2016,91.0,80.0,80.0,74.0,76.0,76.0,82.0,,80.0,76.0,80.0
Niger,NER,2017,92.0,85.0,85.0,85.0,82.0,85.0,85.0,,85.0,82.0,85.0
Niger,NER,2018,87.0,79.0,79.0,79.0,77.0,79.0,79.0,,79.0,78.0,79.0
Niger,NER,2019,70.0,81.0,81.0,81.0,79.0,81.0,81.0,,81.0,83.0,81.0
Nigeria,NGA,2000,44.0,,,,33.0,,31.0,,,,29.0
Nigeria,NGA,2001,41.0,,,,32.0,,36.0,,,,27.0
Nigeria,NGA,2002,38.0,,,,30.0,,40.0,,,,25.0
Nigeria,NGA,2003,42.0,,,,34.0,,42.0,,,,29.0
Nigeria,NGA,2004,45.0,,,,37.0,,43.0,,,21.0,33.0
Nigeria,NGA,2005,49.0,18.0,,,41.0,,45.0,,,36.0,36.0
Nigeria,NGA,2006,52.0,27.0,,,44.0,,46.0,,,44.0,40.0
Nigeria,NGA,2007,53.0,42.0,,,41.0,,54.0,,,51.0,42.0
Nigeria,NGA,2008,65.0,41.0,,,53.0,,60.0,,,50.0,53.0
Nigeria,NGA,2009,76.0,63.0,,,64.0,,66.0,,,69.0,63.0
Nigeria,NGA,2010,62.0,49.0,,,56.0,,54.0,,,50.0,54.0
Nigeria,NGA,2011,57.0,46.0,,,49.0,,48.0,,,38.0,48.0
Nigeria,NGA,2012,51.0,42.0,10.0,,42.0,,42.0,,,24.0,42.0
Nigeria,NGA,2013,51.0,43.0,27.0,,43.0,,41.0,,,47.0,43.0
Nigeria,NGA,2014,51.0,43.0,43.0,,44.0,,40.0,,,41.0,43.0
Nigeria,NGA,2015,53.0,42.0,42.0,42.0,42.0,36.0,42.0,,,42.0,42.0
Nigeria,NGA,2016,64.0,53.0,53.0,52.0,47.0,49.0,53.0,,,47.0,53.0
Nigeria,NGA,2017,67.0,55.0,55.0,53.0,54.0,53.0,55.0,,,54.0,55.0
Nigeria,NGA,2018,70.0,55.0,55.0,54.0,56.0,53.0,54.0,,,57.0,55.0
Nigeria,NGA,2019,72.0,56.0,56.0,55.0,57.0,52.0,54.0,,,60.0,56.0
North Macedonia,MKD,2000,97.0,,,,97.0,,96.0,97.0,,,95.0
North Macedonia,MKD,2001,97.0,,,,92.0,,91.0,92.0,,,91.0
North Macedonia,MKD,2002,91.0,,,,98.0,,97.0,98.0,,,96.0
North Macedonia,MKD,2003,95.0,,,,96.0,,96.0,96.0,,,96.0
North Macedonia,MKD,2004,94.0,,,,96.0,,95.0,96.0,,,94.0
North Macedonia,MKD,2005,99.0,53.0,,,96.0,,98.0,96.0,,,97.0
North Macedonia,MKD,2006,92.0,89.0,,,94.0,,92.0,94.0,,,93.0
North Macedonia,MKD,2007,95.0,96.0,,,96.0,,96.0,96.0,,,95.0
North Macedonia,MKD,2008,94.0,97.0,13.0,,98.0,,96.0,98.0,,,95.0
North Macedonia,MKD,2009,98.0,95.0,82.0,,96.0,,96.0,96.0,,,96.0
North Macedonia,MKD,2010,96.0,90.0,89.0,,98.0,,95.0,98.0,,,95.0
North Macedonia,MKD,2011,94.0,96.0,96.0,,97.0,,97.0,97.0,,,96.0
North Macedonia,MKD,2012,95.0,98.0,95.0,,96.0,,97.0,96.0,,,95.0
North Macedonia,MKD,2013,97.0,97.0,97.0,,96.0,,98.0,96.0,,,98.0
North Macedonia,MKD,2014,99.0,97.0,94.0,,93.0,,96.0,93.0,,,95.0
North Macedonia,MKD,2015,94.0,92.0,89.0,98.0,89.0,,92.0,89.0,,,91.0
North Macedonia,MKD,2016,99.0,94.0,94.0,97.0,82.0,,95.0,82.0,,,95.0
North Macedonia,MKD,2017,97.0,91.0,91.0,97.0,83.0,,91.0,83.0,,,91.0
North Macedonia,MKD,2018,93.0,92.0,92.0,98.0,75.0,,92.0,75.0,,,92.0
North Macedonia,MKD,2019,93.0,92.0,92.0,98.0,75.0,,92.0,75.0,,,92.0
Norway,NOR,2019,,96.0,97.0,99.0,97.0,95.0,97.0,97.0,95.0,,97.0
Norway,NOR,2000,,,93.0,,88.0,,91.0,88.0,,,90.0
Norway,NOR,2001,,,93.0,,90.0,,91.0,90.0,,,91.0
Norway,NOR,2002,,,95.0,,87.0,,93.0,87.0,,,93.0
Norway,NOR,2003,,,94.0,,86.0,,92.0,86.0,,,92.0
Norway,NOR,2004,,,94.0,,89.0,,92.0,89.0,,,92.0
Norway,NOR,2005,,,93.0,,90.0,,91.0,90.0,,,91.0
Norway,NOR,2006,,,95.0,,92.0,,94.0,92.0,,,94.0
Norway,NOR,2007,,,95.0,,92.0,,93.0,92.0,,,93.0
Norway,NOR,2008,,,94.0,,93.0,86.0,94.0,93.0,,,94.0
Norway,NOR,2009,,,95.0,,93.0,91.0,94.0,93.0,,,94.0
Norway,NOR,2010,,,94.0,,93.0,91.0,93.0,93.0,,,93.0
Norway,NOR,2011,,,95.0,,93.0,92.0,94.0,93.0,,,94.0
Norway,NOR,2012,,,95.0,,94.0,93.0,95.0,94.0,,,95.0
Norway,NOR,2013,,,95.0,,93.0,93.0,94.0,93.0,,,94.0
Norway,NOR,2014,,,94.0,,94.0,91.0,93.0,94.0,,,93.0
Norway,NOR,2015,,,95.0,99.0,95.0,93.0,95.0,95.0,,,95.0
Norway,NOR,2016,,,96.0,99.0,96.0,94.0,96.0,96.0,,,96.0
Norway,NOR,2017,,,96.0,99.0,96.0,94.0,96.0,96.0,,,96.0
Norway,NOR,2018,,,96.0,99.0,96.0,94.0,96.0,96.0,93.0,,96.0
Pakistan,PAK,2000,74.0,,,,57.0,,61.0,,,,59.0
Pakistan,PAK,2001,78.0,,,,59.0,,63.0,,,,61.0
Pakistan,PAK,2002,82.0,,,,60.0,,64.0,,,,63.0
Pakistan,PAK,2003,80.0,62.0,,,62.0,,66.0,,,,66.0
Pakistan,PAK,2004,78.0,62.0,,,63.0,,67.0,,,,68.0
Pakistan,PAK,2005,78.0,65.0,,,61.0,,63.0,,,,63.0
Pakistan,PAK,2006,77.0,60.0,,,59.0,,58.0,,,,59.0
Pakistan,PAK,2007,77.0,54.0,,,57.0,,54.0,,,,54.0
Pakistan,PAK,2008,75.0,53.0,,,56.0,,53.0,,,,53.0
Pakistan,PAK,2009,74.0,52.0,52.0,,56.0,,52.0,,,,52.0
Pakistan,PAK,2010,74.0,52.0,52.0,,57.0,,52.0,,,,52.0
Pakistan,PAK,2011,83.0,63.0,63.0,,59.0,,63.0,,,,63.0
Pakistan,PAK,2012,84.0,64.0,64.0,,63.0,,64.0,,,,64.0
Pakistan,PAK,2013,84.0,65.0,65.0,,68.0,65.0,65.0,,,,65.0
Pakistan,PAK,2014,85.0,69.0,69.0,,71.0,68.0,69.0,,,,69.0
Pakistan,PAK,2015,86.0,72.0,72.0,20.0,75.0,80.0,72.0,,,,72.0
Pakistan,PAK,2016,86.0,75.0,75.0,56.0,75.0,78.0,75.0,,,,75.0
Pakistan,PAK,2017,86.0,78.0,75.0,67.0,76.0,82.0,75.0,,12.0,,75.0
Pakistan,PAK,2018,90.0,81.0,80.0,75.0,79.0,82.0,75.0,,58.0,,80.0
Pakistan,PAK,2019,93.0,84.0,84.0,84.0,81.0,83.0,84.0,,86.0,,84.0
Panama,PAN,2000,99.0,,,,97.0,,99.0,97.0,,0.0,98.0
Panama,PAN,2001,99.0,98.0,99.0,,95.0,,95.0,95.0,,0.0,99.0
Panama,PAN,2002,99.0,98.0,99.0,,95.0,,99.0,95.0,,0.0,99.0
Panama,PAN,2003,99.0,98.0,98.0,,95.0,,95.0,95.0,,0.0,98.0
Panama,PAN,2004,99.0,95.0,95.0,,97.0,,92.0,97.0,,0.0,95.0
Panama,PAN,2005,99.0,92.0,92.0,,99.0,,88.0,99.0,,0.0,92.0
Panama,PAN,2006,98.0,88.0,88.0,,95.0,,98.0,95.0,82.0,0.0,88.0
Panama,PAN,2007,97.0,85.0,85.0,,95.0,,84.0,95.0,66.0,0.0,85.0
Panama,PAN,2008,98.0,86.0,86.0,,96.0,,86.0,96.0,74.0,0.0,86.0
Panama,PAN,2009,99.0,85.0,85.0,,96.0,,85.0,96.0,78.0,0.0,85.0
Panama,PAN,2010,99.0,94.0,94.0,,97.0,48.0,95.0,97.0,89.0,0.0,94.0
Panama,PAN,2011,99.0,87.0,87.0,,97.0,63.0,91.0,97.0,95.0,0.0,87.0
Panama,PAN,2012,98.0,85.0,85.0,,98.0,76.0,87.0,98.0,92.0,5.0,85.0
Panama,PAN,2013,95.0,80.0,80.0,,92.0,88.0,81.0,92.0,87.0,4.0,80.0
Panama,PAN,2014,99.0,80.0,80.0,,90.0,91.0,80.0,90.0,87.0,5.0,80.0
Panama,PAN,2015,99.0,73.0,73.0,80.0,93.0,92.0,72.0,93.0,87.0,5.0,73.0
Panama,PAN,2016,99.0,86.0,86.0,96.0,95.0,94.0,86.0,95.0,92.0,6.0,86.0
Panama,PAN,2017,99.0,81.0,81.0,96.0,98.0,97.0,81.0,98.0,94.0,6.0,81.0
Panama,PAN,2018,99.0,88.0,88.0,97.0,98.0,97.0,88.0,98.0,95.0,6.0,88.0
Panama,PAN,2019,99.0,88.0,88.0,97.0,97.0,96.0,88.0,97.0,94.0,7.0,88.0
Paraguay,PRY,2000,85.0,,,,92.0,,86.0,92.0,,,86.0
Paraguay,PRY,2001,86.0,,,,90.0,,90.0,90.0,,,89.0
Paraguay,PRY,2002,83.0,,,,86.0,,87.0,86.0,,,87.0
Paraguay,PRY,2003,88.0,86.0,86.0,,91.0,,86.0,91.0,,,86.0
Paraguay,PRY,2004,97.0,90.0,92.0,,91.0,,92.0,91.0,,,92.0
Paraguay,PRY,2005,98.0,92.0,93.0,,91.0,,96.0,91.0,,,96.0
Paraguay,PRY,2006,99.0,92.0,92.0,,91.0,,98.0,91.0,,,98.0
Paraguay,PRY,2007,98.0,86.0,88.0,,91.0,,95.0,91.0,,,95.0
Paraguay,PRY,2008,94.0,87.0,87.0,,91.0,,85.0,91.0,,,89.0
Paraguay,PRY,2009,91.0,85.0,85.0,,91.0,,82.0,91.0,,76.0,86.0
Paraguay,PRY,2010,93.0,91.0,91.0,,93.0,,89.0,93.0,56.0,86.0,91.0
Paraguay,PRY,2011,94.0,91.0,91.0,,91.0,,89.0,91.0,85.0,86.0,92.0
Paraguay,PRY,2012,93.0,91.0,91.0,,88.0,82.0,89.0,88.0,87.0,87.0,91.0
Paraguay,PRY,2013,91.0,90.0,90.0,,88.0,90.0,89.0,88.0,86.0,97.0,91.0
Paraguay,PRY,2014,96.0,93.0,93.0,,84.0,86.0,93.0,84.0,90.0,85.0,93.0
Paraguay,PRY,2015,96.0,92.0,92.0,,78.0,90.0,93.0,78.0,91.0,93.0,92.0
Paraguay,PRY,2016,94.0,92.0,92.0,94.0,85.0,99.0,93.0,85.0,91.0,99.0,92.0
Paraguay,PRY,2017,96.0,91.0,91.0,95.0,92.0,93.0,92.0,92.0,93.0,99.0,91.0
Paraguay,PRY,2018,91.0,88.0,88.0,91.0,93.0,94.0,88.0,93.0,91.0,99.0,88.0
Paraguay,PRY,2019,87.0,86.0,86.0,88.0,87.0,89.0,84.0,87.0,86.0,92.0,86.0
Peru,PER,2000,93.0,,43.0,,97.0,,93.0,,,8.0,98.0
Peru,PER,2001,87.0,,38.0,,97.0,,90.0,,,26.0,90.0
Peru,PER,2002,92.0,,40.0,,95.0,,95.0,,,36.0,95.0
Peru,PER,2003,94.0,65.0,41.0,,95.0,,95.0,95.0,,47.0,94.0
Peru,PER,2004,95.0,92.0,96.0,,85.0,,81.0,85.0,,57.0,86.0
Peru,PER,2005,95.0,94.0,94.0,,77.0,,66.0,77.0,,78.0,77.0
Peru,PER,2006,96.0,94.0,94.0,,93.0,,94.0,93.0,,91.0,94.0
Peru,PER,2007,96.0,93.0,93.0,,92.0,,93.0,92.0,,87.0,93.0
Peru,PER,2008,97.0,93.0,93.0,,92.0,,93.0,92.0,3.0,82.0,93.0
Peru,PER,2009,97.0,93.0,93.0,,91.0,9.0,92.0,91.0,41.0,66.0,93.0
Peru,PER,2010,95.0,93.0,93.0,,94.0,83.0,92.0,94.0,75.0,61.0,93.0
Peru,PER,2011,91.0,91.0,91.0,,96.0,82.0,91.0,96.0,84.0,51.0,91.0
Peru,PER,2012,95.0,95.0,95.0,,94.0,89.0,94.0,94.0,91.0,58.0,95.0
Peru,PER,2013,95.0,88.0,88.0,,85.0,85.0,71.0,85.0,86.0,64.0,88.0
Peru,PER,2014,94.0,88.0,88.0,,89.0,86.0,78.0,89.0,86.0,65.0,88.0
Peru,PER,2015,91.0,90.0,90.0,98.0,92.0,90.0,88.0,92.0,87.0,67.0,90.0
Peru,PER,2016,90.0,89.0,89.0,94.0,88.0,86.0,88.0,88.0,87.0,64.0,89.0
Peru,PER,2017,84.0,83.0,83.0,90.0,83.0,80.0,83.0,83.0,85.0,63.0,83.0
Peru,PER,2018,81.0,84.0,84.0,89.0,85.0,82.0,83.0,85.0,85.0,65.0,84.0
Peru,PER,2019,94.0,88.0,88.0,91.0,85.0,80.0,87.0,85.0,90.0,57.0,88.0
Philippines,PHL,2000,92.0,7.0,,,78.0,,74.0,,,,78.0
Philippines,PHL,2001,92.0,45.0,,,81.0,,76.0,,,,79.0
Philippines,PHL,2002,85.0,42.0,,,82.0,,77.0,,,,79.0
Philippines,PHL,2003,86.0,52.0,,,87.0,,85.0,,,,84.0
Philippines,PHL,2004,91.0,48.0,,,92.0,,85.0,,,,88.0
Philippines,PHL,2005,91.0,49.0,,,92.0,,90.0,,,,89.0
Philippines,PHL,2006,91.0,77.0,,,92.0,,88.0,,,,88.0
Philippines,PHL,2007,90.0,87.0,,,92.0,,87.0,,,,87.0
Philippines,PHL,2008,91.0,87.0,,,90.0,,87.0,,,,87.0
Philippines,PHL,2009,92.0,88.0,,,89.0,,87.0,,,,88.0
Philippines,PHL,2010,93.0,88.0,2.0,,87.0,,88.0,87.0,,,88.0
Philippines,PHL,2011,94.0,89.0,14.0,,86.0,,88.0,86.0,,,89.0
Philippines,PHL,2012,95.0,89.0,89.0,,84.0,,88.0,84.0,5.0,,89.0
Philippines,PHL,2013,92.0,84.0,84.0,,83.0,,85.0,83.0,28.0,,84.0
Philippines,PHL,2014,88.0,80.0,79.0,,81.0,35.0,82.0,81.0,1.0,,79.0
Philippines,PHL,2015,85.0,75.0,74.0,,80.0,18.0,79.0,80.0,2.0,,74.0
Philippines,PHL,2016,90.0,84.0,84.0,37.0,80.0,36.0,81.0,80.0,,,84.0
Philippines,PHL,2017,83.0,80.0,80.0,50.0,78.0,33.0,80.0,78.0,,,80.0
Philippines,PHL,2018,77.0,75.0,75.0,61.0,77.0,43.0,79.0,77.0,,,75.0
Philippines,PHL,2019,70.0,71.0,71.0,71.0,75.0,53.0,78.0,75.0,,,71.0
Poland,POL,2000,96.0,99.0,,,97.0,,98.0,97.0,,,98.0
Poland,POL,2001,95.0,95.0,,,97.0,,98.0,97.0,,,98.0
Poland,POL,2002,95.0,98.0,,,98.0,,98.0,98.0,,,99.0
Poland,POL,2003,93.0,97.0,,,97.0,,98.0,97.0,,,99.0
Poland,POL,2004,94.0,98.0,,,97.0,,99.0,97.0,,,99.0
Poland,POL,2005,94.0,98.0,22.0,,98.0,,99.0,98.0,,,99.0
Poland,POL,2006,94.0,98.0,31.0,,99.0,,99.0,99.0,,,99.0
Poland,POL,2007,93.0,98.0,88.0,,98.0,,99.0,98.0,,,99.0
Poland,POL,2008,93.0,98.0,98.0,,98.0,,96.0,98.0,,,99.0
Poland,POL,2009,94.0,98.0,99.0,,98.0,,96.0,98.0,,,99.0
Poland,POL,2010,93.0,98.0,99.0,,98.0,,96.0,98.0,,,99.0
Poland,POL,2011,94.0,98.0,99.0,,98.0,,96.0,98.0,,,99.0
Poland,POL,2012,94.0,97.0,99.0,,98.0,,95.0,98.0,,,99.0
Poland,POL,2013,93.0,96.0,99.0,,98.0,,95.0,98.0,,,99.0
Poland,POL,2014,92.0,96.0,98.0,,97.0,,94.0,97.0,,,98.0
Poland,POL,2015,94.0,96.0,98.0,99.0,96.0,,92.0,96.0,,,98.0
Poland,POL,2016,93.0,95.0,98.0,99.0,96.0,,92.0,96.0,,,98.0
Poland,POL,2017,92.0,93.0,96.0,99.0,94.0,,90.0,94.0,,,96.0
Poland,POL,2018,92.0,91.0,95.0,99.0,93.0,60.0,87.0,93.0,,,95.0
Poland,POL,2019,92.0,91.0,95.0,99.0,93.0,60.0,87.0,93.0,,,95.0
Portugal,PRT,2000,82.0,58.0,86.0,,87.0,,96.0,87.0,,,96.0
Portugal,PRT,2001,82.0,70.0,90.0,,90.0,,96.0,90.0,,,97.0
Portugal,PRT,2002,81.0,82.0,94.0,,93.0,,96.0,93.0,,,98.0
Portugal,PRT,2003,81.0,94.0,99.0,,96.0,,96.0,96.0,,,99.0
Portugal,PRT,2004,83.0,94.0,95.0,,95.0,,95.0,95.0,,,95.0
Portugal,PRT,2005,89.0,94.0,93.0,,93.0,,93.0,93.0,,,93.0
Portugal,PRT,2006,99.0,97.0,97.0,,97.0,,97.0,97.0,,,97.0
Portugal,PRT,2007,98.0,97.0,97.0,,95.0,,96.0,95.0,,,97.0
Portugal,PRT,2008,98.0,97.0,97.0,,97.0,,97.0,97.0,,,97.0
Portugal,PRT,2009,98.0,96.0,96.0,,95.0,,96.0,95.0,,,96.0
Portugal,PRT,2010,96.0,97.0,97.0,,96.0,,97.0,96.0,,,98.0
Portugal,PRT,2011,97.0,97.0,97.0,,97.0,,97.0,97.0,,,97.0
Portugal,PRT,2012,99.0,98.0,98.0,,97.0,,98.0,97.0,,,98.0
Portugal,PRT,2013,99.0,98.0,98.0,,98.0,,98.0,98.0,,,98.0
Portugal,PRT,2014,99.0,98.0,98.0,,98.0,,98.0,98.0,,,98.0
Portugal,PRT,2015,32.0,98.0,98.0,99.0,98.0,,98.0,98.0,,,98.0
Portugal,PRT,2016,,98.0,98.0,99.0,98.0,73.0,98.0,98.0,,,98.0
Portugal,PRT,2017,,98.0,98.0,99.0,98.0,96.0,98.0,98.0,,,98.0
Portugal,PRT,2018,,98.0,99.0,99.0,99.0,98.0,99.0,99.0,,,99.0
Portugal,PRT,2019,,98.0,99.0,99.0,99.0,98.0,99.0,99.0,,,99.0
Romania,ROU,2000,99.0,98.0,,,98.0,,99.0,,,,99.0
Romania,ROU,2001,99.0,98.0,,,98.0,,99.0,,,,99.0
Romania,ROU,2002,99.0,99.0,,,98.0,,98.0,98.0,,,98.0
Romania,ROU,2003,99.0,98.0,,,97.0,,97.0,97.0,,,97.0
Romania,ROU,2004,99.0,99.0,,,97.0,,97.0,97.0,,,97.0
Romania,ROU,2005,98.0,98.0,,,97.0,,97.0,97.0,,,97.0
Romania,ROU,2006,99.0,99.0,,,95.0,,97.0,95.0,,,97.0
Romania,ROU,2007,99.0,99.0,,,97.0,,96.0,97.0,,,96.0
Romania,ROU,2008,99.0,97.0,,,96.0,,95.0,96.0,,,96.0
Romania,ROU,2009,99.0,95.0,,,96.0,,95.0,96.0,,,95.0
Romania,ROU,2010,99.0,98.0,,,95.0,,94.0,95.0,,,94.0
Romania,ROU,2011,99.0,96.0,89.0,,93.0,,89.0,93.0,,,89.0
Romania,ROU,2012,99.0,96.0,92.0,,94.0,,92.0,94.0,,,91.0
Romania,ROU,2013,98.0,96.0,91.0,,92.0,,88.0,92.0,,,92.0
Romania,ROU,2014,98.0,94.0,90.0,,89.0,,94.0,89.0,,,94.0
Romania,ROU,2015,98.0,90.0,89.0,95.0,86.0,,89.0,86.0,,,89.0
Romania,ROU,2016,84.0,90.0,89.0,94.0,86.0,,89.0,86.0,,,89.0
Romania,ROU,2017,97.0,92.0,82.0,94.0,86.0,,82.0,86.0,,,82.0
Romania,ROU,2018,96.0,93.0,86.0,94.0,90.0,,86.0,90.0,,,86.0
Romania,ROU,2019,96.0,90.0,88.0,94.0,90.0,88.0,88.0,90.0,,,88.0
Russian Federation,RUS,2000,96.0,,,,97.0,,97.0,97.0,,,96.0
Russian Federation,RUS,2001,96.0,43.0,,,97.0,,97.0,97.0,,,96.0
Russian Federation,RUS,2002,97.0,81.0,,,98.0,,97.0,98.0,,,97.0
Russian Federation,RUS,2003,97.0,94.0,,,98.0,,97.0,98.0,,,96.0
Russian Federation,RUS,2004,96.0,96.0,,,98.0,,98.0,98.0,,,97.0
Russian Federation,RUS,2005,97.0,97.0,,,99.0,,98.0,99.0,,,98.0
Russian Federation,RUS,2006,97.0,98.0,,,99.0,,98.0,99.0,,,98.0
Russian Federation,RUS,2007,97.0,98.0,,,99.0,,98.0,99.0,,,98.0
Russian Federation,RUS,2008,96.0,98.0,,,99.0,,98.0,99.0,,,98.0
Russian Federation,RUS,2009,96.0,98.0,,,98.0,,98.0,98.0,,,98.0
Russian Federation,RUS,2010,96.0,97.0,,,98.0,,98.0,98.0,,,97.0
Russian Federation,RUS,2011,95.0,97.0,,,98.0,,97.0,98.0,,,97.0
Russian Federation,RUS,2012,96.0,97.0,,,98.0,,98.0,98.0,,,97.0
Russian Federation,RUS,2013,96.0,97.0,,,98.0,,98.0,98.0,,,97.0
Russian Federation,RUS,2014,96.0,97.0,,,98.0,,97.0,98.0,,,97.0
Russian Federation,RUS,2015,96.0,97.0,,97.0,98.0,,97.0,98.0,,,97.0
Russian Federation,RUS,2016,96.0,97.0,,97.0,98.0,35.0,97.0,98.0,,,97.0
Russian Federation,RUS,2017,95.0,97.0,,97.0,98.0,70.0,96.0,98.0,,,97.0
Russian Federation,RUS,2018,95.0,97.0,,97.0,98.0,82.0,96.0,98.0,,,97.0
Russian Federation,RUS,2019,96.0,97.0,,97.0,98.0,85.0,96.0,98.0,,,97.0
Rwanda,RWA,2000,81.0,,,,74.0,,90.0,,,,90.0
Rwanda,RWA,2001,74.0,,,,69.0,,76.0,,,,77.0
Rwanda,RWA,2002,81.0,88.0,88.0,,69.0,,85.0,,,,88.0
Rwanda,RWA,2003,88.0,96.0,96.0,,90.0,,96.0,,,,96.0
Rwanda,RWA,2004,86.0,89.0,89.0,,84.0,,89.0,,,,89.0
Rwanda,RWA,2005,91.0,95.0,95.0,,89.0,,95.0,,,,95.0
Rwanda,RWA,2006,98.0,99.0,99.0,,95.0,,99.0,,,,99.0
Rwanda,RWA,2007,89.0,97.0,97.0,,94.0,,98.0,,,,97.0
Rwanda,RWA,2008,93.0,97.0,97.0,,92.0,,97.0,,,,97.0
Rwanda,RWA,2009,99.0,97.0,97.0,,95.0,,93.0,,,,97.0
Rwanda,RWA,2010,99.0,97.0,97.0,,95.0,97.0,93.0,,,,97.0
Rwanda,RWA,2011,99.0,97.0,97.0,,95.0,97.0,93.0,,,,97.0
Rwanda,RWA,2012,99.0,98.0,98.0,,97.0,98.0,98.0,,50.0,,98.0
Rwanda,RWA,2013,99.0,98.0,98.0,,95.0,98.0,98.0,,98.0,,98.0
Rwanda,RWA,2014,99.0,98.0,98.0,,97.0,98.0,98.0,,98.0,,98.0
Rwanda,RWA,2015,99.0,98.0,98.0,,96.0,98.0,99.0,96.0,98.0,,98.0
Rwanda,RWA,2016,99.0,98.0,98.0,,95.0,98.0,99.0,95.0,98.0,,98.0
Rwanda,RWA,2017,98.0,98.0,98.0,,97.0,98.0,98.0,97.0,98.0,,98.0
Rwanda,RWA,2018,97.0,97.0,97.0,92.0,99.0,97.0,97.0,99.0,98.0,,97.0
Rwanda,RWA,2019,98.0,98.0,98.0,99.0,96.0,98.0,98.0,96.0,98.0,,98.0
Serbia,SRB,2000,85.0,,,,89.0,,98.0,89.0,,,95.0
Serbia,SRB,2001,88.0,,,,90.0,,93.0,90.0,,,93.0
Serbia,SRB,2002,91.0,,,,92.0,,95.0,92.0,,,95.0
Serbia,SRB,2003,94.0,,,,87.0,,89.0,87.0,,,89.0
Serbia,SRB,2004,97.0,89.0,,,89.0,,96.0,89.0,,,88.0
Serbia,SRB,2005,98.0,65.0,,,96.0,,98.0,96.0,,,98.0
Serbia,SRB,2006,99.0,93.0,42.0,,88.0,,97.0,88.0,,,92.0
Serbia,SRB,2007,98.0,99.0,89.0,,95.0,,93.0,95.0,,,94.0
Serbia,SRB,2008,99.0,93.0,98.0,,92.0,,95.0,92.0,,,95.0
Serbia,SRB,2009,98.0,93.0,94.0,,95.0,,97.0,95.0,,,95.0
Serbia,SRB,2010,99.0,89.0,91.0,,95.0,,91.0,95.0,,,91.0
Serbia,SRB,2011,99.0,94.0,93.0,,93.0,,94.0,93.0,,,94.0
Serbia,SRB,2012,98.0,97.0,90.0,,87.0,,93.0,87.0,,,91.0
Serbia,SRB,2013,97.0,91.0,92.0,,92.0,,97.0,92.0,,,95.0
Serbia,SRB,2014,98.0,92.0,94.0,,86.0,,93.0,86.0,,,93.0
Serbia,SRB,2015,98.0,94.0,95.0,98.0,86.0,,95.0,86.0,,,95.0
Serbia,SRB,2016,98.0,91.0,92.0,97.0,82.0,,93.0,82.0,,,92.0
Serbia,SRB,2017,97.0,93.0,95.0,98.0,86.0,,95.0,86.0,,,95.0
Serbia,SRB,2018,98.0,91.0,96.0,98.0,92.0,67.0,96.0,92.0,,,96.0
Serbia,SRB,2019,98.0,94.0,97.0,99.0,87.0,92.0,97.0,87.0,,,97.0
Sierra Leone,SLE,2000,74.0,,,,37.0,,46.0,,,,44.0
Sierra Leone,SLE,2001,63.0,,,,50.0,,38.0,,,,38.0
Sierra Leone,SLE,2002,76.0,,,,62.0,,54.0,,,60.0,53.0
Sierra Leone,SLE,2003,89.0,,,,73.0,,66.0,,,62.0,73.0
Sierra Leone,SLE,2004,86.0,,,,76.0,,69.0,,,64.0,65.0
Sierra Leone,SLE,2005,85.0,,,,71.0,,67.0,,,63.0,65.0
Sierra Leone,SLE,2006,83.0,,,,65.0,,65.0,,,61.0,64.0
Sierra Leone,SLE,2007,82.0,63.0,63.0,,60.0,,63.0,,,60.0,64.0
Sierra Leone,SLE,2008,91.0,77.0,77.0,,73.0,,75.0,,,64.0,77.0
Sierra Leone,SLE,2009,96.0,84.0,84.0,,80.0,,81.0,,,80.0,84.0
Sierra Leone,SLE,2010,97.0,86.0,86.0,,82.0,,84.0,,,82.0,86.0
Sierra Leone,SLE,2011,97.0,89.0,89.0,,84.0,75.0,88.0,,,83.0,89.0
Sierra Leone,SLE,2012,98.0,91.0,91.0,,86.0,92.0,91.0,,,85.0,91.0
Sierra Leone,SLE,2013,99.0,92.0,92.0,,85.0,92.0,92.0,,,85.0,92.0
Sierra Leone,SLE,2014,90.0,83.0,83.0,,80.0,83.0,83.0,,53.0,80.0,83.0
Sierra Leone,SLE,2015,90.0,86.0,86.0,,78.0,86.0,86.0,,85.0,78.0,86.0
Sierra Leone,SLE,2016,92.0,84.0,84.0,,85.0,84.0,84.0,,95.0,80.0,84.0
Sierra Leone,SLE,2017,90.0,90.0,90.0,,80.0,90.0,90.0,,92.0,80.0,90.0
Sierra Leone,SLE,2018,88.0,93.0,93.0,60.0,87.0,92.0,93.0,,92.0,85.0,93.0
Sierra Leone,SLE,2019,86.0,95.0,95.0,86.0,93.0,94.0,95.0,,92.0,90.0,95.0
Slovakia,SVK,2000,94.0,98.0,59.0,,98.0,,98.0,98.0,,,99.0
Slovakia,SVK,2001,93.0,99.0,70.0,,99.0,,99.0,99.0,,,99.0
Slovakia,SVK,2002,98.0,99.0,92.0,,99.0,,98.0,99.0,,,99.0
Slovakia,SVK,2003,98.0,99.0,99.0,,99.0,,98.0,99.0,,,99.0
Slovakia,SVK,2004,98.0,99.0,99.0,,99.0,,99.0,99.0,,,99.0
Slovakia,SVK,2005,98.0,99.0,99.0,,98.0,,99.0,98.0,,,99.0
Slovakia,SVK,2006,98.0,99.0,99.0,,98.0,,99.0,98.0,,,99.0
Slovakia,SVK,2007,98.0,99.0,99.0,,99.0,,99.0,99.0,,,99.0
Slovakia,SVK,2008,98.0,99.0,99.0,,99.0,,99.0,99.0,,,99.0
Slovakia,SVK,2009,97.0,99.0,99.0,,99.0,99.0,99.0,99.0,,,99.0
Slovakia,SVK,2010,98.0,99.0,99.0,,98.0,99.0,99.0,98.0,,,99.0
Slovakia,SVK,2011,97.0,99.0,99.0,,98.0,99.0,99.0,98.0,,,99.0
Slovakia,SVK,2012,90.0,99.0,99.0,,99.0,99.0,99.0,99.0,,,99.0
Slovakia,SVK,2013,,98.0,98.0,,98.0,98.0,98.0,98.0,,,98.0
Slovakia,SVK,2014,,97.0,97.0,,97.0,96.0,97.0,97.0,,,97.0
Slovakia,SVK,2015,,96.0,96.0,98.0,95.0,96.0,96.0,95.0,,,96.0
Slovakia,SVK,2016,,96.0,96.0,98.0,95.0,96.0,96.0,95.0,,,96.0
Slovakia,SVK,2017,,96.0,96.0,98.0,96.0,96.0,96.0,96.0,,,96.0
Slovakia,SVK,2018,,96.0,96.0,97.0,96.0,96.0,96.0,96.0,,,96.0
Slovakia,SVK,2019,,97.0,97.0,97.0,96.0,96.0,97.0,96.0,,,97.0
Slovenia,SVN,2000,98.0,,,,95.0,,93.0,95.0,,,91.0
Slovenia,SVN,2001,98.0,,93.0,,94.0,,93.0,94.0,,,92.0
Slovenia,SVN,2002,97.0,,93.0,,93.0,,93.0,93.0,,,93.0
Slovenia,SVN,2003,97.0,,95.0,,94.0,,95.0,94.0,,,95.0
Slovenia,SVN,2004,96.0,,94.0,,94.0,,94.0,94.0,,,94.0
Slovenia,SVN,2005,,,95.0,,94.0,,95.0,94.0,,,95.0
Slovenia,SVN,2006,,,97.0,,96.0,,97.0,96.0,,,97.0
Slovenia,SVN,2007,,,97.0,,96.0,,97.0,96.0,,,97.0
Slovenia,SVN,2008,,,97.0,,96.0,,97.0,96.0,,,97.0
Slovenia,SVN,2009,,,96.0,,95.0,,96.0,95.0,,,96.0
Slovenia,SVN,2010,,,96.0,,95.0,,96.0,95.0,,,96.0
Slovenia,SVN,2011,,,96.0,,96.0,,96.0,96.0,,,96.0
Slovenia,SVN,2012,,,96.0,,95.0,,96.0,95.0,,,96.0
Slovenia,SVN,2013,,,95.0,,94.0,,95.0,94.0,,,95.0
Slovenia,SVN,2014,,,95.0,,94.0,,95.0,94.0,,,95.0
Slovenia,SVN,2015,,,95.0,98.0,94.0,49.0,95.0,94.0,,,95.0
Slovenia,SVN,2016,,,94.0,98.0,92.0,49.0,94.0,92.0,,,94.0
Slovenia,SVN,2017,,,94.0,98.0,93.0,55.0,94.0,93.0,,,94.0
Slovenia,SVN,2018,,,93.0,97.0,93.0,60.0,93.0,93.0,,,93.0
Slovenia,SVN,2019,,,95.0,98.0,94.0,65.0,95.0,94.0,,,95.0
South Africa,ZAF,2000,89.0,73.0,73.0,,72.0,,71.0,,,,73.0
South Africa,ZAF,2001,86.0,72.0,71.0,,69.0,,71.0,,,,71.0
South Africa,ZAF,2002,84.0,72.0,70.0,,65.0,,70.0,,,,70.0
South Africa,ZAF,2003,81.0,71.0,69.0,,62.0,,70.0,,,,69.0
South Africa,ZAF,2004,78.0,76.0,75.0,,63.0,,73.0,,,,74.0
South Africa,ZAF,2005,76.0,79.0,82.0,,64.0,,75.0,,,,81.0
South Africa,ZAF,2006,79.0,83.0,84.0,,69.0,,79.0,,,,84.0
South Africa,ZAF,2007,79.0,83.0,84.0,,68.0,,79.0,,,,85.0
South Africa,ZAF,2008,84.0,76.0,80.0,,73.0,,77.0,,,,82.0
South Africa,ZAF,2009,82.0,74.0,77.0,,77.0,10.0,75.0,,17.0,,81.0
South Africa,ZAF,2010,81.0,71.0,72.0,,72.0,58.0,72.0,,60.0,,77.0
South Africa,ZAF,2011,84.0,76.0,71.0,,77.0,62.0,71.0,,67.0,,75.0
South Africa,ZAF,2012,86.0,70.0,69.0,,79.0,75.0,69.0,,74.0,,71.0
South Africa,ZAF,2013,88.0,73.0,79.0,,78.0,77.0,79.0,,77.0,,81.0
South Africa,ZAF,2014,93.0,85.0,85.0,,84.0,85.0,85.0,,85.0,,85.0
South Africa,ZAF,2015,83.0,85.0,85.0,91.0,86.0,85.0,85.0,,85.0,,85.0
South Africa,ZAF,2016,79.0,85.0,85.0,88.0,84.0,82.0,85.0,,83.0,,85.0
South Africa,ZAF,2017,75.0,84.0,84.0,85.0,81.0,78.0,84.0,,81.0,,84.0
South Africa,ZAF,2018,70.0,82.0,82.0,84.0,81.0,83.0,82.0,,80.0,,82.0
South Africa,ZAF,2019,84.0,85.0,85.0,87.0,83.0,86.0,85.0,,83.0,,85.0
"Korea, Republic of",KOR,2000,73.0,93.0,,,95.0,,99.0,95.0,,,97.0
"Korea, Republic of",KOR,2001,81.0,89.0,,,96.0,,99.0,96.0,,,97.0
"Korea, Republic of",KOR,2002,89.0,92.0,,,97.0,,99.0,97.0,,,97.0
"Korea, Republic of",KOR,2003,87.0,91.0,,,96.0,,94.0,96.0,,,97.0
"Korea, Republic of",KOR,2004,93.0,92.0,,,99.0,,90.0,99.0,,,88.0
"Korea, Republic of",KOR,2005,97.0,99.0,,,99.0,,96.0,99.0,,,96.0
"Korea, Republic of",KOR,2006,98.0,99.0,,,99.0,,98.0,99.0,,,98.0
"Korea, Republic of",KOR,2007,96.0,91.0,,,92.0,,91.0,92.0,,,91.0
"Korea, Republic of",KOR,2008,96.0,94.0,,,92.0,,92.0,92.0,,,94.0
"Korea, Republic of",KOR,2009,96.0,94.0,,,93.0,,95.0,93.0,,,94.0
"Korea, Republic of",KOR,2010,96.0,94.0,,,98.0,,95.0,98.0,,,94.0
"Korea, Republic of",KOR,2011,99.0,99.0,,,99.0,,98.0,99.0,,,99.0
"Korea, Republic of",KOR,2012,99.0,99.0,,,99.0,,99.0,99.0,,,99.0
"Korea, Republic of",KOR,2013,99.0,99.0,,,99.0,,99.0,99.0,,,99.0
"Korea, Republic of",KOR,2014,99.0,99.0,97.0,,99.0,,99.0,99.0,,,99.0
"Korea, Republic of",KOR,2015,97.0,98.0,98.0,98.0,98.0,97.0,98.0,98.0,,,98.0
"Korea, Republic of",KOR,2016,98.0,98.0,97.0,98.0,98.0,98.0,98.0,98.0,,,98.0
"Korea, Republic of",KOR,2017,98.0,98.0,97.0,98.0,97.0,97.0,97.0,97.0,,,97.0
"Korea, Republic of",KOR,2018,98.0,98.0,98.0,98.0,98.0,97.0,98.0,98.0,,,98.0
"Korea, Republic of",KOR,2019,98.0,98.0,98.0,98.0,98.0,98.0,98.0,98.0,,,98.0
Spain,ESP,2000,,77.0,92.0,,94.0,,95.0,94.0,,,95.0
Spain,ESP,2001,,83.0,96.0,,96.0,,95.0,96.0,,,96.0
Spain,ESP,2002,,82.0,97.0,,97.0,,98.0,97.0,,,98.0
Spain,ESP,2003,,81.0,98.0,,98.0,,99.0,98.0,,,98.0
Spain,ESP,2004,,97.0,97.0,,97.0,,97.0,97.0,,,97.0
Spain,ESP,2005,,96.0,96.0,,97.0,,96.0,97.0,,,96.0
Spain,ESP,2006,,97.0,98.0,,97.0,,98.0,97.0,,,98.0
Spain,ESP,2007,,96.0,96.0,,97.0,,96.0,97.0,,,96.0
Spain,ESP,2008,,97.0,97.0,,98.0,,97.0,98.0,,,97.0
Spain,ESP,2009,,96.0,96.0,,98.0,,96.0,98.0,,,96.0
Spain,ESP,2010,,97.0,97.0,,95.0,,97.0,95.0,,,97.0
Spain,ESP,2011,,97.0,97.0,,97.0,,97.0,97.0,,,97.0
Spain,ESP,2012,,96.0,96.0,,97.0,,96.0,97.0,,,96.0
Spain,ESP,2013,,95.0,96.0,,95.0,,96.0,95.0,,,96.0
Spain,ESP,2014,,96.0,96.0,,96.0,,97.0,96.0,,,97.0
Spain,ESP,2015,,97.0,97.0,99.0,96.0,,97.0,96.0,,,97.0
Spain,ESP,2016,,97.0,97.0,99.0,97.0,,97.0,97.0,,,97.0
Spain,ESP,2017,,94.0,95.0,98.0,98.0,88.0,95.0,98.0,,,95.0
Spain,ESP,2018,,96.0,96.0,98.0,98.0,95.0,96.0,98.0,,,96.0
Spain,ESP,2019,,95.0,96.0,98.0,98.0,94.0,95.0,98.0,,,95.0
Sri Lanka,LKA,2000,98.0,,,,99.0,,99.0,99.0,,,99.0
Sri Lanka,LKA,2001,98.0,,,,99.0,,98.0,99.0,,,98.0
Sri Lanka,LKA,2002,99.0,,,,99.0,,98.0,99.0,,,98.0
Sri Lanka,LKA,2003,99.0,32.0,,,99.0,,98.0,99.0,,,99.0
Sri Lanka,LKA,2004,99.0,62.0,,,96.0,,97.0,96.0,,,97.0
Sri Lanka,LKA,2005,99.0,99.0,,,99.0,,99.0,99.0,,,99.0
Sri Lanka,LKA,2006,99.0,98.0,,,99.0,,98.0,99.0,,,98.0
Sri Lanka,LKA,2007,99.0,98.0,,,98.0,,98.0,98.0,,,98.0
Sri Lanka,LKA,2008,99.0,98.0,,,98.0,,98.0,98.0,,,98.0
Sri Lanka,LKA,2009,99.0,97.0,,,97.0,,97.0,97.0,,,97.0
Sri Lanka,LKA,2010,99.0,99.0,99.0,,99.0,,99.0,99.0,,,99.0
Sri Lanka,LKA,2011,99.0,99.0,99.0,,99.0,,99.0,99.0,,,99.0
Sri Lanka,LKA,2012,99.0,99.0,99.0,,99.0,,99.0,99.0,,,99.0
Sri Lanka,LKA,2013,99.0,99.0,99.0,,99.0,,99.0,99.0,,,99.0
Sri Lanka,LKA,2014,99.0,99.0,99.0,,99.0,,99.0,99.0,,,99.0
Sri Lanka,LKA,2015,99.0,99.0,99.0,47.0,99.0,,99.0,99.0,,,99.0
Sri Lanka,LKA,2016,99.0,99.0,99.0,99.0,99.0,,99.0,99.0,,,99.0
Sri Lanka,LKA,2017,99.0,99.0,99.0,99.0,99.0,,99.0,99.0,,,99.0
Sri Lanka,LKA,2018,99.0,99.0,99.0,99.0,99.0,,99.0,99.0,,,99.0
Sri Lanka,LKA,2019,99.0,99.0,99.0,99.0,99.0,,99.0,99.0,,,99.0
Sweden,SWE,2000,16.0,,98.0,,91.0,,99.0,91.0,,,99.0
Sweden,SWE,2001,16.0,,98.0,,94.0,,99.0,94.0,,,99.0
Sweden,SWE,2002,16.0,,98.0,,95.0,,99.0,95.0,,,99.0
Sweden,SWE,2003,17.0,,99.0,,95.0,,99.0,95.0,,,99.0
Sweden,SWE,2004,18.0,,99.0,,96.0,,99.0,96.0,,,99.0
Sweden,SWE,2005,20.0,,98.0,,96.0,,98.0,96.0,,,98.0
Sweden,SWE,2006,21.0,,98.0,,97.0,,98.0,97.0,,,98.0
Sweden,SWE,2007,23.0,,98.0,,96.0,,98.0,96.0,,,98.0
Sweden,SWE,2008,23.0,,98.0,,96.0,60.0,98.0,96.0,,,98.0
Sweden,SWE,2009,21.0,,98.0,,97.0,98.0,98.0,97.0,,,98.0
Sweden,SWE,2010,23.0,,98.0,,97.0,98.0,98.0,97.0,,,98.0
Sweden,SWE,2011,23.0,29.0,98.0,,97.0,98.0,98.0,97.0,,,98.0
Sweden,SWE,2012,24.0,30.0,98.0,,98.0,97.0,98.0,98.0,,,98.0
Sweden,SWE,2013,27.0,35.0,98.0,,97.0,97.0,98.0,97.0,,,98.0
Sweden,SWE,2014,26.0,42.0,97.0,,97.0,96.0,97.0,97.0,,,97.0
Sweden,SWE,2015,24.0,53.0,98.0,99.0,98.0,97.0,98.0,98.0,,,98.0
Sweden,SWE,2016,26.0,67.0,98.0,99.0,97.0,97.0,98.0,97.0,,,98.0
Sweden,SWE,2017,25.0,76.0,97.0,99.0,97.0,97.0,97.0,97.0,,,97.0
Sweden,SWE,2018,26.0,92.0,97.0,99.0,97.0,97.0,97.0,97.0,,,97.0
Sweden,SWE,2019,25.0,97.0,97.0,98.0,97.0,97.0,98.0,97.0,,,98.0
Switzerland,CHE,2017,,69.0,95.0,97.0,95.0,84.0,96.0,95.0,,,96.0
Switzerland,CHE,2018,,69.0,95.0,97.0,95.0,84.0,96.0,95.0,,,96.0
Switzerland,CHE,2019,,69.0,95.0,97.0,95.0,84.0,96.0,95.0,,,96.0
Switzerland,CHE,2000,,,91.0,,82.0,,95.0,82.0,,,93.0
Switzerland,CHE,2001,,,91.0,,82.0,,95.0,82.0,,,93.0
Switzerland,CHE,2002,,,91.0,,82.0,,95.0,82.0,,,93.0
Switzerland,CHE,2003,,,91.0,,82.0,,95.0,82.0,,,93.0
Switzerland,CHE,2004,,,91.0,,82.0,,95.0,82.0,,,93.0
Switzerland,CHE,2005,,,93.0,,87.0,,94.0,87.0,,,94.0
Switzerland,CHE,2006,,,93.0,,87.0,,94.0,87.0,,,94.0
Switzerland,CHE,2007,,,93.0,,87.0,,94.0,87.0,,,94.0
Switzerland,CHE,2008,,,95.0,,92.0,13.0,96.0,92.0,,,95.0
Switzerland,CHE,2009,,,95.0,,92.0,25.0,96.0,92.0,,,95.0
Switzerland,CHE,2010,,,95.0,,92.0,37.0,96.0,92.0,,,95.0
Switzerland,CHE,2011,,,95.0,,93.0,50.0,96.0,93.0,,,96.0
Switzerland,CHE,2012,,,95.0,,93.0,62.0,96.0,93.0,,,96.0
Switzerland,CHE,2013,,,95.0,,93.0,75.0,96.0,93.0,,,96.0
Switzerland,CHE,2014,,,95.0,,94.0,80.0,96.0,94.0,,,96.0
Switzerland,CHE,2015,,,95.0,97.0,94.0,80.0,96.0,94.0,,,96.0
Switzerland,CHE,2016,,,95.0,98.0,94.0,80.0,96.0,94.0,,,96.0
Syrian Arab Republic,SYR,2000,91.0,79.0,,,84.0,,86.0,84.0,,,84.0
Syrian Arab Republic,SYR,2001,91.0,80.0,84.0,,80.0,,83.0,80.0,,,82.0
Syrian Arab Republic,SYR,2002,90.0,80.0,83.0,,84.0,,86.0,84.0,,,84.0
Syrian Arab Republic,SYR,2003,90.0,81.0,82.0,,83.0,,85.0,83.0,,,83.0
Syrian Arab Republic,SYR,2004,90.0,82.0,81.0,,82.0,,84.0,82.0,,,81.0
Syrian Arab Republic,SYR,2005,90.0,83.0,80.0,,81.0,,83.0,81.0,,,80.0
Syrian Arab Republic,SYR,2006,91.0,83.0,80.0,,81.0,,83.0,81.0,,,80.0
Syrian Arab Republic,SYR,2007,93.0,83.0,80.0,,81.0,,83.0,81.0,,,80.0
Syrian Arab Republic,SYR,2008,93.0,83.0,79.0,,81.0,,83.0,81.0,,,79.0
Syrian Arab Republic,SYR,2009,95.0,84.0,80.0,,82.0,,83.0,82.0,,,80.0
Syrian Arab Republic,SYR,2010,97.0,84.0,80.0,,82.0,,83.0,82.0,,,80.0
Syrian Arab Republic,SYR,2011,90.0,66.0,72.0,,80.0,,60.0,80.0,,,72.0
Syrian Arab Republic,SYR,2012,82.0,43.0,45.0,,61.0,,47.0,61.0,,,45.0
Syrian Arab Republic,SYR,2013,84.0,71.0,41.0,,58.0,,50.0,58.0,,,41.0
Syrian Arab Republic,SYR,2014,81.0,47.0,43.0,,54.0,,52.0,54.0,,,43.0
Syrian Arab Republic,SYR,2015,66.0,41.0,41.0,59.0,53.0,,50.0,53.0,,,41.0
Syrian Arab Republic,SYR,2016,72.0,42.0,42.0,58.0,62.0,,48.0,62.0,,,42.0
Syrian Arab Republic,SYR,2017,78.0,48.0,48.0,67.0,67.0,,53.0,67.0,,,48.0
Syrian Arab Republic,SYR,2018,79.0,47.0,47.0,66.0,63.0,,53.0,63.0,,,47.0
Syrian Arab Republic,SYR,2019,84.0,54.0,54.0,71.0,65.0,,60.0,65.0,,,54.0
Tajikistan,TJK,2000,98.0,,,,88.0,,86.0,,,,83.0
Tajikistan,TJK,2001,96.0,,,,88.0,,84.0,,,,85.0
Tajikistan,TJK,2002,97.0,39.0,,,89.0,,84.0,,,,85.0
Tajikistan,TJK,2003,98.0,58.0,,,91.0,,82.0,,,,85.0
Tajikistan,TJK,2004,95.0,81.0,,,92.0,,82.0,,,,86.0
Tajikistan,TJK,2005,97.0,81.0,,,85.0,,79.0,,,,84.0
Tajikistan,TJK,2006,93.0,88.0,,,82.0,,76.0,,,,83.0
Tajikistan,TJK,2007,83.0,84.0,,,85.0,,85.0,,,,86.0
Tajikistan,TJK,2008,89.0,86.0,46.0,,86.0,,87.0,,,,86.0
Tajikistan,TJK,2009,82.0,93.0,93.0,,89.0,,93.0,89.0,,,93.0
Tajikistan,TJK,2010,98.0,93.0,93.0,,94.0,,95.0,94.0,,,93.0
Tajikistan,TJK,2011,97.0,96.0,96.0,,98.0,,97.0,98.0,,,96.0
Tajikistan,TJK,2012,97.0,94.0,94.0,,94.0,,96.0,94.0,,,94.0
Tajikistan,TJK,2013,98.0,96.0,96.0,,92.0,,97.0,92.0,,,96.0
Tajikistan,TJK,2014,98.0,97.0,97.0,,98.0,,94.0,98.0,,,97.0
Tajikistan,TJK,2015,98.0,96.0,96.0,,97.0,,96.0,97.0,85.0,,96.0
Tajikistan,TJK,2016,98.0,97.0,97.0,,97.0,,97.0,97.0,96.0,,96.0
Tajikistan,TJK,2017,98.0,96.0,96.0,,98.0,,97.0,98.0,97.0,,96.0
Tajikistan,TJK,2018,99.0,96.0,96.0,51.0,98.0,,96.0,98.0,96.0,,96.0
Tajikistan,TJK,2019,98.0,97.0,97.0,96.0,98.0,,97.0,98.0,97.0,,97.0
"Tanzania, United Republic of",TZA,2000,86.0,,,,78.0,,64.0,,,,79.0
"Tanzania, United Republic of",TZA,2001,91.0,,,,86.0,,65.0,,,,87.0
"Tanzania, United Republic of",TZA,2002,88.0,89.0,,,89.0,,91.0,,,,89.0
"Tanzania, United Republic of",TZA,2003,91.0,95.0,,,97.0,,97.0,,,,95.0
"Tanzania, United Republic of",TZA,2004,91.0,95.0,,,94.0,,95.0,,,,95.0
"Tanzania, United Republic of",TZA,2005,91.0,90.0,,,91.0,,91.0,,,,90.0
"Tanzania, United Republic of",TZA,2006,90.0,90.0,,,93.0,,91.0,,,,90.0
"Tanzania, United Republic of",TZA,2007,89.0,83.0,,,90.0,,88.0,,,,83.0
"Tanzania, United Republic of",TZA,2008,89.0,86.0,,,88.0,,89.0,,,,86.0
"Tanzania, United Republic of",TZA,2009,93.0,85.0,85.0,,91.0,,88.0,,,,85.0
"Tanzania, United Republic of",TZA,2010,99.0,91.0,91.0,,92.0,,94.0,,,,91.0
"Tanzania, United Republic of",TZA,2011,99.0,90.0,90.0,,93.0,,88.0,,,,90.0
"Tanzania, United Republic of",TZA,2012,99.0,92.0,92.0,,97.0,,90.0,,,,92.0
"Tanzania, United Republic of",TZA,2013,99.0,91.0,91.0,,99.0,80.0,91.0,,85.0,,91.0
"Tanzania, United Republic of",TZA,2014,99.0,97.0,97.0,,97.0,93.0,97.0,97.0,97.0,,97.0
"Tanzania, United Republic of",TZA,2015,97.0,96.0,96.0,,95.0,92.0,93.0,95.0,95.0,,96.0
"Tanzania, United Republic of",TZA,2016,95.0,92.0,92.0,,83.0,89.0,89.0,83.0,89.0,,92.0
"Tanzania, United Republic of",TZA,2017,93.0,90.0,90.0,,90.0,86.0,89.0,90.0,87.0,,90.0
"Tanzania, United Republic of",TZA,2018,91.0,89.0,89.0,56.0,88.0,84.0,82.0,88.0,85.0,,89.0
"Tanzania, United Republic of",TZA,2019,91.0,89.0,89.0,89.0,88.0,83.0,89.0,88.0,85.0,,89.0
Thailand,THA,2000,99.0,95.0,,,94.0,,97.0,94.0,,,97.0
Thailand,THA,2001,99.0,95.0,,,94.0,,97.0,94.0,,,96.0
Thailand,THA,2002,99.0,95.0,,,94.0,,97.0,94.0,,,96.0
Thailand,THA,2003,99.0,96.0,,,96.0,,98.0,96.0,,,98.0
Thailand,THA,2004,99.0,96.0,,,96.0,,98.0,96.0,,,98.0
Thailand,THA,2005,99.0,96.0,,,96.0,,98.0,96.0,,,98.0
Thailand,THA,2006,99.0,96.0,,,96.0,,98.0,96.0,,,98.0
Thailand,THA,2007,99.0,96.0,,,96.0,,98.0,96.0,,,98.0
Thailand,THA,2008,99.0,98.0,,,98.0,,99.0,98.0,,,99.0
Thailand,THA,2009,99.0,98.0,,,98.0,,99.0,98.0,,,99.0
Thailand,THA,2010,99.0,98.0,,,98.0,,99.0,98.0,,,99.0
Thailand,THA,2011,99.0,98.0,,,98.0,,99.0,98.0,,,99.0
Thailand,THA,2012,99.0,98.0,,,98.0,,99.0,98.0,,,99.0
Thailand,THA,2013,99.0,99.0,,,99.0,,99.0,99.0,,,99.0
Thailand,THA,2014,99.0,99.0,,,99.0,,99.0,99.0,,,99.0
Thailand,THA,2015,99.0,99.0,,,99.0,,99.0,99.0,,,99.0
Thailand,THA,2016,99.0,99.0,,,99.0,,99.0,99.0,,,99.0
Thailand,THA,2017,99.0,99.0,,93.0,99.0,,99.0,99.0,,,99.0
Thailand,THA,2018,99.0,97.0,,95.0,96.0,,97.0,96.0,,,97.0
Thailand,THA,2019,99.0,97.0,,97.0,96.0,,97.0,96.0,,,97.0
Trinidad and Tobago,TTO,2002,,5.0,59.0,,87.0,,96.0,87.0,,88.0,96.0
Trinidad and Tobago,TTO,2003,,76.0,92.0,,88.0,,91.0,88.0,,88.0,91.0
Trinidad and Tobago,TTO,2004,,94.0,94.0,,95.0,,94.0,95.0,,90.0,94.0
Trinidad and Tobago,TTO,2005,,95.0,95.0,,93.0,,95.0,93.0,,93.0,95.0
Trinidad and Tobago,TTO,2006,,89.0,89.0,,89.0,,89.0,89.0,,88.0,92.0
Trinidad and Tobago,TTO,2007,,89.0,88.0,,91.0,,90.0,91.0,,90.0,88.0
Trinidad and Tobago,TTO,2008,,90.0,90.0,,91.0,,91.0,91.0,,86.0,90.0
Trinidad and Tobago,TTO,2009,,90.0,90.0,,94.0,,90.0,94.0,,94.0,90.0
Trinidad and Tobago,TTO,2010,,90.0,90.0,,92.0,,91.0,92.0,,95.0,90.0
Trinidad and Tobago,TTO,2011,,90.0,90.0,,92.0,,91.0,92.0,,95.0,90.0
Trinidad and Tobago,TTO,2012,,92.0,92.0,,85.0,39.0,91.0,85.0,,85.0,92.0
Trinidad and Tobago,TTO,2013,,92.0,92.0,,91.0,80.0,94.0,91.0,,89.0,92.0
Trinidad and Tobago,TTO,2014,,92.0,92.0,,96.0,95.0,94.0,96.0,,96.0,92.0
Trinidad and Tobago,TTO,2015,,90.0,90.0,6.0,89.0,93.0,88.0,89.0,,91.0,96.0
Trinidad and Tobago,TTO,2016,,97.0,97.0,96.0,86.0,91.0,84.0,86.0,,85.0,97.0
Trinidad and Tobago,TTO,2017,,89.0,89.0,90.0,93.0,93.0,94.0,93.0,,95.0,89.0
Trinidad and Tobago,TTO,2018,,99.0,99.0,99.0,90.0,99.0,99.0,90.0,,88.0,99.0
Trinidad and Tobago,TTO,2019,,93.0,93.0,92.0,99.0,93.0,93.0,99.0,,98.0,93.0
Trinidad and Tobago,TTO,2000,,,74.0,,90.0,,90.0,90.0,,91.0,90.0
Trinidad and Tobago,TTO,2001,,,85.0,,91.0,,91.0,91.0,,91.0,91.0
Tunisia,TUN,2000,95.0,94.0,,,95.0,,97.0,,,,97.0
Tunisia,TUN,2001,91.0,94.0,,,92.0,,98.0,,,,98.0
Tunisia,TUN,2002,91.0,93.0,,,94.0,,96.0,,,,96.0
Tunisia,TUN,2003,93.0,92.0,96.0,,90.0,,95.0,,,,95.0
Tunisia,TUN,2004,97.0,96.0,97.0,,95.0,,97.0,,,,97.0
Tunisia,TUN,2005,98.0,97.0,80.0,,96.0,,98.0,,,,98.0
Tunisia,TUN,2006,99.0,99.0,,,98.0,,99.0,,,,99.0
Tunisia,TUN,2007,99.0,98.0,,,98.0,,98.0,,,,98.0
Tunisia,TUN,2008,99.0,99.0,,,98.0,,99.0,,,,99.0
Tunisia,TUN,2009,98.0,99.0,,,98.0,,99.0,,,,99.0
Tunisia,TUN,2010,98.0,98.0,,,97.0,,98.0,,,,98.0
Tunisia,TUN,2011,98.0,98.0,43.0,,96.0,,98.0,,,,98.0
Tunisia,TUN,2012,99.0,97.0,97.0,,96.0,,97.0,96.0,,,97.0
Tunisia,TUN,2013,97.0,98.0,98.0,,94.0,,98.0,94.0,,,98.0
Tunisia,TUN,2014,95.0,98.0,98.0,,98.0,,98.0,98.0,,,98.0
Tunisia,TUN,2015,97.0,98.0,98.0,98.0,98.0,,98.0,98.0,,,98.0
Tunisia,TUN,2016,95.0,98.0,98.0,98.0,96.0,,98.0,96.0,,,98.0
Tunisia,TUN,2017,91.0,98.0,98.0,96.0,98.0,,98.0,98.0,,,98.0
Tunisia,TUN,2018,92.0,97.0,97.0,98.0,96.0,,97.0,96.0,,,97.0
Tunisia,TUN,2019,91.0,98.0,98.0,98.0,98.0,,98.0,98.0,,,98.0
Türkiye,TUR,2000,96.0,71.0,,,87.0,,85.0,,,,85.0
Türkiye,TUR,2001,95.0,77.0,,,91.0,,88.0,,,,88.0
Türkiye,TUR,2002,89.0,72.0,,,83.0,,78.0,,,,78.0
Türkiye,TUR,2003,88.0,68.0,,,75.0,,69.0,,,,68.0
Türkiye,TUR,2004,85.0,77.0,,,81.0,,85.0,,,,85.0
Türkiye,TUR,2005,88.0,85.0,,,91.0,,90.0,,,,90.0
Türkiye,TUR,2006,88.0,82.0,,,98.0,,90.0,98.0,,,90.0
Türkiye,TUR,2007,94.0,96.0,76.0,,96.0,,96.0,96.0,,,96.0
Türkiye,TUR,2008,96.0,92.0,96.0,,97.0,,96.0,97.0,,,96.0
Türkiye,TUR,2009,96.0,94.0,96.0,,97.0,97.0,96.0,97.0,,,96.0
Türkiye,TUR,2010,97.0,96.0,97.0,,97.0,93.0,97.0,97.0,,,97.0
Türkiye,TUR,2011,96.0,96.0,97.0,,98.0,96.0,97.0,98.0,,,97.0
Türkiye,TUR,2012,96.0,97.0,97.0,,96.0,97.0,97.0,96.0,,,97.0
Türkiye,TUR,2013,96.0,97.0,98.0,,98.0,97.0,98.0,98.0,,,98.0
Türkiye,TUR,2014,95.0,96.0,96.0,,94.0,96.0,96.0,94.0,,,96.0
Türkiye,TUR,2015,96.0,97.0,97.0,97.0,97.0,97.0,97.0,97.0,,,97.0
Türkiye,TUR,2016,96.0,98.0,98.0,96.0,98.0,98.0,98.0,98.0,,,98.0
Türkiye,TUR,2017,93.0,96.0,96.0,93.0,96.0,96.0,96.0,96.0,,,96.0
Türkiye,TUR,2018,96.0,98.0,98.0,96.0,96.0,97.0,98.0,96.0,,,98.0
Türkiye,TUR,2019,96.0,99.0,99.0,96.0,97.0,97.0,99.0,97.0,,,99.0
Turkmenistan,TKM,2000,99.0,,,,96.0,,98.0,,,,97.0
Turkmenistan,TKM,2001,99.0,,,,98.0,,94.0,,,,95.0
Turkmenistan,TKM,2002,99.0,96.0,,,88.0,,99.0,,,,98.0
Turkmenistan,TKM,2003,99.0,97.0,,,97.0,,66.0,,,,83.0
Turkmenistan,TKM,2004,99.0,96.0,,,97.0,,98.0,,,,97.0
Turkmenistan,TKM,2005,99.0,99.0,,,99.0,,99.0,,,,99.0
Turkmenistan,TKM,2006,99.0,98.0,,,99.0,,98.0,,,,98.0
Turkmenistan,TKM,2007,99.0,98.0,,,99.0,,98.0,99.0,,,98.0
Turkmenistan,TKM,2008,99.0,96.0,,,99.0,,96.0,99.0,,,96.0
Turkmenistan,TKM,2009,99.0,97.0,,,99.0,,97.0,99.0,,,96.0
Turkmenistan,TKM,2010,99.0,96.0,58.0,,99.0,,96.0,99.0,,,96.0
Turkmenistan,TKM,2011,98.0,97.0,71.0,,99.0,,97.0,99.0,,,97.0
Turkmenistan,TKM,2012,99.0,98.0,97.0,,99.0,,98.0,99.0,,,97.0
Turkmenistan,TKM,2013,98.0,98.0,97.0,,99.0,,98.0,99.0,,,98.0
Turkmenistan,TKM,2014,99.0,97.0,97.0,,99.0,,98.0,99.0,,,98.0
Turkmenistan,TKM,2015,99.0,99.0,99.0,,99.0,,99.0,99.0,,,99.0
Turkmenistan,TKM,2016,98.0,98.0,98.0,,99.0,,98.0,99.0,,,98.0
Turkmenistan,TKM,2017,98.0,99.0,99.0,,99.0,,99.0,99.0,,,99.0
Turkmenistan,TKM,2018,98.0,99.0,99.0,96.0,99.0,,99.0,99.0,,,99.0
Turkmenistan,TKM,2019,98.0,99.0,99.0,99.0,99.0,,99.0,99.0,4.0,,99.0
Uganda,UGA,2000,82.0,,,,57.0,,55.0,,,,52.0
Uganda,UGA,2001,83.0,,,,59.0,,56.0,,,,55.0
Uganda,UGA,2002,85.0,29.0,29.0,,62.0,,57.0,,,,57.0
Uganda,UGA,2003,87.0,44.0,44.0,,64.0,,57.0,,,,59.0
Uganda,UGA,2004,88.0,62.0,62.0,,66.0,,58.0,,,,62.0
Uganda,UGA,2005,90.0,64.0,64.0,,68.0,,59.0,,,,64.0
Uganda,UGA,2006,83.0,64.0,64.0,,75.0,,62.0,,,,64.0
Uganda,UGA,2007,87.0,73.0,73.0,,75.0,,70.0,,,,73.0
Uganda,UGA,2008,86.0,71.0,71.0,,70.0,,69.0,,,,71.0
Uganda,UGA,2009,90.0,79.0,79.0,,77.0,,78.0,,,,79.0
Uganda,UGA,2010,86.0,80.0,80.0,,73.0,,79.0,,,,80.0
Uganda,UGA,2011,97.0,82.0,82.0,,75.0,,79.0,,,,82.0
Uganda,UGA,2012,95.0,83.0,83.0,,80.0,,79.0,,,,83.0
Uganda,UGA,2013,93.0,84.0,84.0,,83.0,,78.0,,,,84.0
Uganda,UGA,2014,91.0,85.0,85.0,,85.0,60.0,78.0,,,,85.0
Uganda,UGA,2015,95.0,89.0,89.0,,79.0,64.0,85.0,,,,89.0
Uganda,UGA,2016,94.0,93.0,93.0,44.0,79.0,77.0,88.0,,,,93.0
Uganda,UGA,2017,89.0,94.0,94.0,70.0,83.0,90.0,90.0,,,,94.0
Uganda,UGA,2018,88.0,93.0,93.0,84.0,86.0,92.0,88.0,,36.0,,93.0
Uganda,UGA,2019,88.0,93.0,93.0,88.0,87.0,92.0,92.0,,87.0,,93.0
Ukraine,UKR,2000,98.0,4.0,,,99.0,,99.0,,,,99.0
Ukraine,UKR,2001,98.0,7.0,,,99.0,,99.0,99.0,,,99.0
Ukraine,UKR,2002,98.0,48.0,,,99.0,,99.0,99.0,,,99.0
Ukraine,UKR,2003,98.0,77.0,,,99.0,,99.0,99.0,,,97.0
Ukraine,UKR,2004,98.0,98.0,,,99.0,,99.0,99.0,,,99.0
Ukraine,UKR,2005,96.0,97.0,,,96.0,,95.0,96.0,,,96.0
Ukraine,UKR,2006,97.0,96.0,11.0,,98.0,,99.0,98.0,,,98.0
Ukraine,UKR,2007,98.0,92.0,46.0,,97.0,,98.0,97.0,,,98.0
Ukraine,UKR,2008,95.0,84.0,81.0,,94.0,,91.0,94.0,,,90.0
Ukraine,UKR,2009,94.0,66.0,66.0,,75.0,,74.0,75.0,,,71.0
Ukraine,UKR,2010,92.0,48.0,51.0,,56.0,,57.0,56.0,,,52.0
Ukraine,UKR,2011,90.0,21.0,26.0,,67.0,,54.0,67.0,,,50.0
Ukraine,UKR,2012,95.0,46.0,83.0,,79.0,,72.0,79.0,,,76.0
Ukraine,UKR,2013,95.0,46.0,83.0,,79.0,,72.0,79.0,,,76.0
Ukraine,UKR,2014,39.0,22.0,38.0,,56.0,,45.0,56.0,,,23.0
Ukraine,UKR,2015,39.0,22.0,38.0,59.0,56.0,,51.0,56.0,,,23.0
Ukraine,UKR,2016,75.0,26.0,47.0,75.0,42.0,,56.0,42.0,,,19.0
Ukraine,UKR,2017,84.0,52.0,39.0,43.0,86.0,,48.0,86.0,,,50.0
Ukraine,UKR,2018,90.0,67.0,58.0,92.0,91.0,,71.0,91.0,,,69.0
Ukraine,UKR,2019,84.0,76.0,80.0,83.0,93.0,,78.0,93.0,,,80.0
United Arab Emirates,ARE,2000,98.0,92.0,92.0,,94.0,,94.0,94.0,,,94.0
United Arab Emirates,ARE,2001,98.0,92.0,92.0,,94.0,,94.0,94.0,,,94.0
United Arab Emirates,ARE,2002,98.0,92.0,94.0,,94.0,,94.0,94.0,,,94.0
United Arab Emirates,ARE,2003,98.0,92.0,94.0,,94.0,,94.0,94.0,,,94.0
United Arab Emirates,ARE,2004,98.0,92.0,94.0,,94.0,,94.0,94.0,,,94.0
United Arab Emirates,ARE,2005,98.0,92.0,94.0,,92.0,,94.0,92.0,,,94.0
United Arab Emirates,ARE,2006,98.0,92.0,92.0,,92.0,,94.0,92.0,,,92.0
United Arab Emirates,ARE,2007,98.0,92.0,92.0,,92.0,,94.0,92.0,,,92.0
United Arab Emirates,ARE,2008,98.0,92.0,92.0,,92.0,,94.0,92.0,,,92.0
United Arab Emirates,ARE,2009,98.0,93.0,93.0,,93.0,,94.0,93.0,,,93.0
United Arab Emirates,ARE,2010,98.0,94.0,94.0,,94.0,94.0,94.0,94.0,,,94.0
United Arab Emirates,ARE,2011,96.0,95.0,95.0,,95.0,95.0,95.0,95.0,,,95.0
United Arab Emirates,ARE,2012,94.0,96.0,96.0,,96.0,96.0,96.0,96.0,,,96.0
United Arab Emirates,ARE,2013,94.0,98.0,98.0,,98.0,98.0,98.0,98.0,,,98.0
United Arab Emirates,ARE,2014,90.0,99.0,99.0,,99.0,99.0,99.0,99.0,56.0,,99.0
United Arab Emirates,ARE,2015,96.0,99.0,99.0,99.0,99.0,99.0,99.0,99.0,87.0,,99.0
United Arab Emirates,ARE,2016,99.0,99.0,99.0,99.0,99.0,99.0,99.0,99.0,92.0,,99.0
United Arab Emirates,ARE,2017,95.0,98.0,98.0,99.0,99.0,96.0,96.0,99.0,90.0,,97.0
United Arab Emirates,ARE,2018,95.0,99.0,99.0,99.0,99.0,99.0,99.0,99.0,99.0,,99.0
United Arab Emirates,ARE,2019,94.0,98.0,99.0,95.0,99.0,99.0,95.0,99.0,92.0,,99.0
United Kingdom,GBR,2019,,93.0,93.0,97.0,91.0,91.0,93.0,91.0,90.0,,93.0
United Kingdom,GBR,2000,,,91.0,,88.0,,91.0,88.0,,,91.0
United Kingdom,GBR,2001,,,91.0,,85.0,,91.0,85.0,,,91.0
United Kingdom,GBR,2002,,,91.0,,85.0,,91.0,85.0,,,91.0
United Kingdom,GBR,2003,,,91.0,,82.0,,91.0,82.0,,,91.0
United Kingdom,GBR,2004,,,92.0,,81.0,,92.0,81.0,,,92.0
United Kingdom,GBR,2005,,,91.0,,82.0,,91.0,82.0,,,91.0
United Kingdom,GBR,2006,,,92.0,,85.0,,92.0,85.0,,,92.0
United Kingdom,GBR,2007,,,92.0,,86.0,,92.0,86.0,,,92.0
United Kingdom,GBR,2008,,,92.0,,86.0,,92.0,86.0,,,92.0
United Kingdom,GBR,2009,,,93.0,,86.0,,93.0,86.0,,,93.0
United Kingdom,GBR,2010,,,94.0,,89.0,89.0,94.0,89.0,,,94.0
United Kingdom,GBR,2011,,,95.0,,90.0,90.0,95.0,90.0,,,95.0
United Kingdom,GBR,2012,,,95.0,,92.0,92.0,95.0,92.0,,,95.0
United Kingdom,GBR,2013,,,95.0,,93.0,93.0,95.0,93.0,,,95.0
United Kingdom,GBR,2014,,,95.0,,93.0,93.0,95.0,93.0,,,95.0
United Kingdom,GBR,2015,,,95.0,98.0,93.0,93.0,95.0,93.0,89.0,,95.0
United Kingdom,GBR,2016,,,94.0,98.0,92.0,92.0,94.0,92.0,90.0,,94.0
United Kingdom,GBR,2017,,,94.0,98.0,92.0,92.0,94.0,92.0,90.0,,94.0
United Kingdom,GBR,2018,,,94.0,98.0,92.0,92.0,94.0,92.0,91.0,,94.0
United States,USA,2000,,90.0,93.0,,91.0,,90.0,91.0,,,94.0
United States,USA,2001,,89.0,93.0,,91.0,,89.0,91.0,,,94.0
United States,USA,2002,,88.0,93.0,,91.0,,90.0,91.0,,,94.0
United States,USA,2003,,92.0,94.0,,93.0,,91.0,93.0,,,96.0
United States,USA,2004,,92.0,94.0,,93.0,,92.0,93.0,,,96.0
United States,USA,2005,,93.0,94.0,,92.0,,92.0,92.0,,,96.0
United States,USA,2006,,93.0,93.0,,92.0,,93.0,92.0,,,96.0
United States,USA,2007,,93.0,93.0,,92.0,,93.0,92.0,,,96.0
United States,USA,2008,,94.0,91.0,,92.0,93.0,94.0,92.0,,,96.0
United States,USA,2009,,92.0,84.0,,90.0,93.0,93.0,90.0,44.0,,95.0
United States,USA,2010,,92.0,90.0,,92.0,93.0,93.0,92.0,59.0,,95.0
United States,USA,2011,,91.0,94.0,,92.0,94.0,94.0,92.0,67.0,,96.0
United States,USA,2012,,90.0,93.0,,91.0,92.0,93.0,91.0,69.0,,94.0
United States,USA,2013,,91.0,93.0,,92.0,92.0,93.0,92.0,73.0,,94.0
United States,USA,2014,,92.0,93.0,,92.0,93.0,93.0,92.0,72.0,,95.0
United States,USA,2015,,92.0,93.0,97.0,92.0,93.0,93.0,92.0,72.0,,95.0
United States,USA,2016,,93.0,93.0,97.0,92.0,93.0,94.0,92.0,73.0,,95.0
United States,USA,2017,,91.0,92.0,97.0,91.0,92.0,92.0,91.0,74.0,,94.0
United States,USA,2018,,91.0,92.0,96.0,92.0,92.0,93.0,92.0,73.0,,94.0
United States,USA,2019,,91.0,91.0,97.0,90.0,92.0,93.0,90.0,74.0,,94.0
Uruguay,URY,2000,99.0,92.0,88.0,,89.0,,92.0,89.0,,,90.0
Uruguay,URY,2001,99.0,94.0,90.0,,94.0,,94.0,94.0,,,94.0
Uruguay,URY,2002,99.0,95.0,95.0,,95.0,,93.0,95.0,,,95.0
Uruguay,URY,2003,99.0,91.0,91.0,,95.0,,91.0,95.0,,,91.0
Uruguay,URY,2004,99.0,94.0,94.0,,95.0,,95.0,95.0,,,94.0
Uruguay,URY,2005,99.0,96.0,96.0,,95.0,,96.0,95.0,,,96.0
Uruguay,URY,2006,99.0,95.0,95.0,,94.0,,95.0,94.0,,,95.0
Uruguay,URY,2007,99.0,94.0,94.0,,96.0,,94.0,96.0,,,94.0
Uruguay,URY,2008,99.0,94.0,94.0,,95.0,,94.0,95.0,,,94.0
Uruguay,URY,2009,99.0,95.0,95.0,,94.0,,95.0,94.0,,,95.0
Uruguay,URY,2010,99.0,95.0,95.0,,95.0,91.0,95.0,95.0,,,95.0
Uruguay,URY,2011,99.0,95.0,95.0,,95.0,92.0,95.0,95.0,,,95.0
Uruguay,URY,2012,99.0,95.0,95.0,,96.0,93.0,95.0,96.0,,,95.0
Uruguay,URY,2013,98.0,94.0,94.0,,96.0,93.0,94.0,96.0,,,94.0
Uruguay,URY,2014,99.0,95.0,95.0,,96.0,95.0,95.0,96.0,,,95.0
Uruguay,URY,2015,98.0,95.0,95.0,99.0,96.0,94.0,95.0,96.0,,,95.0
Uruguay,URY,2016,98.0,95.0,95.0,97.0,95.0,94.0,95.0,95.0,,,95.0
Uruguay,URY,2017,98.0,93.0,93.0,97.0,96.0,94.0,93.0,96.0,,,93.0
Uruguay,URY,2018,98.0,91.0,91.0,96.0,97.0,93.0,91.0,97.0,,,91.0
Uruguay,URY,2019,99.0,94.0,94.0,99.0,96.0,95.0,93.0,96.0,,,94.0
Uzbekistan,UZB,2000,98.0,,,,99.0,,99.0,,,,99.0
Uzbekistan,UZB,2001,98.0,,,,99.0,,99.0,,,,99.0
Uzbekistan,UZB,2002,99.0,62.0,,,97.0,,99.0,,,,99.0
Uzbekistan,UZB,2003,99.0,99.0,,,99.0,,99.0,,,,98.0
Uzbekistan,UZB,2004,99.0,99.0,,,98.0,,99.0,,,,99.0
Uzbekistan,UZB,2005,93.0,99.0,,,99.0,,99.0,,,,99.0
Uzbekistan,UZB,2006,99.0,98.0,,,98.0,,94.0,98.0,,,96.0
Uzbekistan,UZB,2007,99.0,99.0,,,98.0,,98.0,98.0,,,96.0
Uzbekistan,UZB,2008,96.0,91.0,,,98.0,,98.0,98.0,,,98.0
Uzbekistan,UZB,2009,99.0,98.0,98.0,,95.0,,99.0,95.0,,,98.0
Uzbekistan,UZB,2010,99.0,99.0,99.0,,98.0,,99.0,98.0,,,99.0
Uzbekistan,UZB,2011,99.0,99.0,99.0,,99.0,,99.0,99.0,,,99.0
Uzbekistan,UZB,2012,99.0,99.0,99.0,,99.0,,99.0,99.0,,,99.0
Uzbekistan,UZB,2013,99.0,99.0,99.0,,97.0,,99.0,97.0,,,99.0
Uzbekistan,UZB,2014,99.0,99.0,99.0,,99.0,,99.0,99.0,52.0,,99.0
Uzbekistan,UZB,2015,99.0,99.0,99.0,,99.0,,99.0,99.0,95.0,,99.0
Uzbekistan,UZB,2016,99.0,99.0,99.0,,99.0,,99.0,99.0,99.0,,99.0
Uzbekistan,UZB,2017,99.0,99.0,99.0,,99.0,99.0,99.0,99.0,99.0,,99.0
Uzbekistan,UZB,2018,96.0,98.0,98.0,56.0,96.0,96.0,98.0,96.0,84.0,,98.0
Uzbekistan,UZB,2019,99.0,96.0,96.0,94.0,98.0,99.0,98.0,98.0,48.0,,96.0
"Venezuela, Bolivarian Republic of",VEN,2000,99.0,5.0,2.0,,84.0,,86.0,84.0,,17.0,77.0
"Venezuela, Bolivarian Republic of",VEN,2001,93.0,53.0,34.0,,98.0,,87.0,98.0,,28.0,70.0
"Venezuela, Bolivarian Republic of",VEN,2002,90.0,60.0,59.0,,83.0,,81.0,83.0,,27.0,65.0
"Venezuela, Bolivarian Republic of",VEN,2003,91.0,72.0,54.0,,83.0,,86.0,83.0,,82.0,68.0
"Venezuela, Bolivarian Republic of",VEN,2004,96.0,82.0,60.0,,80.0,,83.0,80.0,,94.0,86.0
"Venezuela, Bolivarian Republic of",VEN,2005,95.0,88.0,87.0,,76.0,,80.0,76.0,,94.0,87.0
"Venezuela, Bolivarian Republic of",VEN,2006,83.0,71.0,71.0,,82.0,,73.0,82.0,13.0,73.0,71.0
"Venezuela, Bolivarian Republic of",VEN,2007,82.0,62.0,62.0,,87.0,,67.0,87.0,29.0,65.0,62.0
"Venezuela, Bolivarian Republic of",VEN,2008,90.0,53.0,51.0,,93.0,,76.0,93.0,50.0,77.0,50.0
"Venezuela, Bolivarian Republic of",VEN,2009,91.0,84.0,84.0,,87.0,,75.0,87.0,54.0,77.0,84.0
"Venezuela, Bolivarian Republic of",VEN,2010,92.0,78.0,78.0,,79.0,,74.0,79.0,49.0,48.0,78.0
"Venezuela, Bolivarian Republic of",VEN,2011,95.0,78.0,78.0,,86.0,,78.0,86.0,66.0,73.0,78.0
"Venezuela, Bolivarian Republic of",VEN,2012,96.0,81.0,81.0,,87.0,,73.0,87.0,76.0,87.0,81.0
"Venezuela, Bolivarian Republic of",VEN,2013,95.0,82.0,82.0,,85.0,,82.0,85.0,77.0,85.0,82.0
"Venezuela, Bolivarian Republic of",VEN,2014,97.0,78.0,78.0,,89.0,,79.0,89.0,76.0,82.0,78.0
"Venezuela, Bolivarian Republic of",VEN,2015,99.0,87.0,87.0,,92.0,24.0,87.0,92.0,84.0,85.0,87.0
"Venezuela, Bolivarian Republic of",VEN,2016,97.0,84.0,84.0,68.0,88.0,7.0,82.0,88.0,47.0,84.0,84.0
"Venezuela, Bolivarian Republic of",VEN,2017,94.0,66.0,66.0,70.0,96.0,0.0,79.0,96.0,18.0,83.0,66.0
"Venezuela, Bolivarian Republic of",VEN,2018,92.0,60.0,60.0,32.0,74.0,0.0,53.0,74.0,0.0,35.0,60.0
"Venezuela, Bolivarian Republic of",VEN,2019,91.0,64.0,64.0,55.0,93.0,0.0,62.0,93.0,0.0,80.0,64.0
Viet Nam,VNM,2000,98.0,,,,97.0,,96.0,,,,96.0
Viet Nam,VNM,2001,97.0,,,,98.0,,96.0,,,,96.0
Viet Nam,VNM,2002,97.0,,,,96.0,,92.0,,,,75.0
Viet Nam,VNM,2003,97.0,78.0,,,93.0,,96.0,,,,99.0
Viet Nam,VNM,2004,96.0,94.0,,,97.0,,96.0,,,,96.0
Viet Nam,VNM,2005,95.0,94.0,,,95.0,,94.0,,,,95.0
Viet Nam,VNM,2006,95.0,93.0,,,93.0,,94.0,,,,94.0
Viet Nam,VNM,2007,94.0,67.0,,,83.0,,92.0,,,,92.0
Viet Nam,VNM,2008,92.0,87.0,,,92.0,,93.0,,,,93.0
Viet Nam,VNM,2009,97.0,94.0,,,97.0,,97.0,,,,96.0
Viet Nam,VNM,2010,94.0,88.0,63.0,,98.0,,94.0,,,,93.0
Viet Nam,VNM,2011,98.0,95.0,95.0,,96.0,,96.0,,,,95.0
Viet Nam,VNM,2012,98.0,97.0,97.0,,96.0,,97.0,,,,97.0
Viet Nam,VNM,2013,95.0,59.0,59.0,,98.0,,93.0,,,,59.0
Viet Nam,VNM,2014,96.0,95.0,95.0,,97.0,,96.0,,,,95.0
Viet Nam,VNM,2015,97.0,97.0,97.0,,97.0,,97.0,92.0,,,97.0
Viet Nam,VNM,2016,95.0,96.0,96.0,,99.0,,95.0,95.0,,,96.0
Viet Nam,VNM,2017,97.0,94.0,94.0,,97.0,,94.0,93.0,,,94.0
Viet Nam,VNM,2018,95.0,75.0,75.0,19.0,97.0,,90.0,90.0,,,75.0
Viet Nam,VNM,2019,96.0,89.0,89.0,73.0,95.0,,89.0,92.0,,,89.0
Yemen,YEM,2000,82.0,14.0,,,70.0,,74.0,,,,74.0
Yemen,YEM,2001,78.0,19.0,,,72.0,,73.0,,,,73.0
Yemen,YEM,2002,73.0,31.0,,,62.0,,64.0,,,,65.0
Yemen,YEM,2003,66.0,38.0,,,64.0,,61.0,,,,61.0
Yemen,YEM,2004,64.0,43.0,,,74.0,,72.0,,,,72.0
Yemen,YEM,2005,66.0,80.0,43.0,,73.0,,80.0,,,,79.0
Yemen,YEM,2006,67.0,78.0,73.0,,65.0,,78.0,,,,78.0
Yemen,YEM,2007,64.0,79.0,75.0,,71.0,,79.0,,,,79.0
Yemen,YEM,2008,60.0,78.0,75.0,,69.0,,78.0,,,,78.0
Yemen,YEM,2009,58.0,76.0,74.0,,65.0,,76.0,,,,76.0
Yemen,YEM,2010,65.0,76.0,75.0,,68.0,,77.0,,,,76.0
Yemen,YEM,2011,59.0,69.0,69.0,,66.0,41.0,69.0,,,,69.0
Yemen,YEM,2012,64.0,67.0,67.0,,63.0,67.0,68.0,,23.0,,67.0
Yemen,YEM,2013,71.0,73.0,73.0,,70.0,73.0,67.0,,56.0,,73.0
Yemen,YEM,2014,73.0,73.0,73.0,,67.0,73.0,67.0,,57.0,,73.0
Yemen,YEM,2015,47.0,69.0,69.0,12.0,67.0,69.0,63.0,67.0,52.0,,69.0
Yemen,YEM,2016,73.0,71.0,71.0,61.0,70.0,71.0,65.0,70.0,59.0,,71.0
Yemen,YEM,2017,66.0,68.0,68.0,61.0,65.0,68.0,62.0,65.0,68.0,,68.0
Yemen,YEM,2018,64.0,65.0,65.0,59.0,64.0,64.0,59.0,64.0,64.0,,65.0
Yemen,YEM,2019,69.0,73.0,73.0,68.0,67.0,72.0,67.0,67.0,73.0,,73.0
Zambia,ZMB,2000,94.0,,,,85.0,,85.0,,,,85.0
Zambia,ZMB,2001,94.0,,,,84.0,,86.0,,,,85.0
Zambia,ZMB,2002,94.0,,,,84.0,,85.0,,,,84.0
Zambia,ZMB,2003,93.0,,,,84.0,,85.0,,,,83.0
Zambia,ZMB,2004,93.0,,83.0,,85.0,,84.0,,,,83.0
Zambia,ZMB,2005,92.0,82.0,82.0,,85.0,,84.0,,,,82.0
Zambia,ZMB,2006,92.0,81.0,81.0,,85.0,,83.0,,,,81.0
Zambia,ZMB,2007,91.0,80.0,80.0,,93.0,,77.0,,,,80.0
Zambia,ZMB,2008,91.0,87.0,87.0,,87.0,,90.0,,,,87.0
Zambia,ZMB,2009,92.0,94.0,94.0,,90.0,,93.0,,,,94.0
Zambia,ZMB,2010,92.0,83.0,83.0,,96.0,,80.0,,,,83.0
Zambia,ZMB,2011,92.0,81.0,81.0,,83.0,,83.0,,,,81.0
Zambia,ZMB,2012,92.0,78.0,78.0,,82.0,,70.0,,,,78.0
Zambia,ZMB,2013,95.0,79.0,79.0,,80.0,,74.0,,,,79.0
Zambia,ZMB,2014,99.0,86.0,86.0,,85.0,77.0,78.0,,73.0,,86.0
Zambia,ZMB,2015,97.0,90.0,90.0,,90.0,81.0,90.0,,82.0,,90.0
Zambia,ZMB,2016,99.0,95.0,95.0,,97.0,94.0,91.0,,90.0,,95.0
Zambia,ZMB,2017,99.0,94.0,94.0,,96.0,94.0,92.0,96.0,96.0,,94.0
Zambia,ZMB,2018,91.0,90.0,90.0,36.0,94.0,90.0,90.0,94.0,91.0,,90.0
Zambia,ZMB,2019,95.0,88.0,88.0,73.0,93.0,89.0,89.0,93.0,90.0,,88.0
Zimbabwe,ZWE,2000,84.0,79.0,,,75.0,,78.0,,,,78.0
Zimbabwe,ZWE,2001,82.0,76.0,,,73.0,,76.0,,,,75.0
Zimbabwe,ZWE,2002,80.0,73.0,,,70.0,,73.0,,,,71.0
Zimbabwe,ZWE,2003,78.0,70.0,,,68.0,,70.0,,,,68.0
Zimbabwe,ZWE,2004,76.0,68.0,,,66.0,,67.0,,,,65.0
Zimbabwe,ZWE,2005,80.0,65.0,,,67.0,,69.0,,,,68.0
Zimbabwe,ZWE,2006,84.0,68.0,,,68.0,,71.0,,,,70.0
Zimbabwe,ZWE,2007,87.0,72.0,,,69.0,,73.0,,,,73.0
Zimbabwe,ZWE,2008,91.0,75.0,75.0,,70.0,,75.0,,,,75.0
Zimbabwe,ZWE,2009,90.0,73.0,73.0,,76.0,,69.0,,,,73.0
Zimbabwe,ZWE,2010,99.0,90.0,90.0,,90.0,,89.0,,,,89.0
Zimbabwe,ZWE,2011,98.0,94.0,94.0,,92.0,,93.0,,,,93.0
Zimbabwe,ZWE,2012,98.0,97.0,97.0,,97.0,21.0,95.0,,,,95.0
Zimbabwe,ZWE,2013,95.0,95.0,95.0,,93.0,95.0,95.0,,,,95.0
Zimbabwe,ZWE,2014,99.0,91.0,91.0,,92.0,91.0,92.0,,48.0,,91.0
Zimbabwe,ZWE,2015,90.0,87.0,87.0,,86.0,87.0,88.0,,87.0,,87.0
Zimbabwe,ZWE,2016,95.0,90.0,90.0,,95.0,90.0,90.0,95.0,91.0,,90.0
Zimbabwe,ZWE,2017,95.0,89.0,89.0,,90.0,89.0,89.0,90.0,91.0,,89.0
Zimbabwe,ZWE,2018,95.0,89.0,89.0,,88.0,89.0,89.0,88.0,90.0,,89.0
Zimbabwe,ZWE,2019,95.0,90.0,90.0,65.0,85.0,90.0,90.0,85.0,92.0,,90.0
